,Date,Open,High,Low,Close,Volume,Change
0,2016-11-11,9000,10350,9000,10350,2608,
1,2016-11-14,11900,11900,11900,11900,1844,0.1497584541062802
2,2016-11-15,13650,13650,13650,13650,161,0.1470588235294117
3,2016-11-16,15650,15650,15650,15650,1908,0.14652014652014644
4,2016-11-17,16000,16000,16000,16000,5,0.022364217252396124
5,2016-11-18,15950,15950,15950,15950,0,-0.0031250000000000444
6,2016-11-21,17000,17000,16900,16900,59,0.059561128526645746
7,2016-11-22,14400,14400,14400,14400,70,-0.14792899408284022
8,2016-11-23,16550,16550,16550,16550,1,0.14930555555555558
9,2016-11-24,19000,19000,19000,19000,1,0.14803625377643503
10,2016-11-25,19000,19000,19000,19000,1,0.0
11,2016-11-28,16150,16150,16150,16150,1,-0.15000000000000002
12,2016-11-29,13750,14450,13750,14450,138,-0.10526315789473684
13,2016-11-30,12300,12300,12300,12300,82,-0.1487889273356401
14,2016-12-01,14100,14100,14100,14100,1,0.14634146341463405
15,2016-12-02,12000,12000,12000,12000,86,-0.14893617021276595
16,2016-12-05,13800,13800,13800,13800,1,0.1499999999999999
17,2016-12-06,15850,15850,15850,15850,2,0.14855072463768115
18,2016-12-07,14200,14200,14200,14200,0,-0.10410094637223977
19,2016-12-08,12100,12100,12100,12100,85,-0.147887323943662
20,2016-12-09,10800,10800,10800,10800,0,-0.1074380165289256
21,2016-12-12,9660,9660,9660,9660,0,-0.10555555555555551
22,2016-12-13,8630,8630,8630,8630,0,-0.10662525879917184
23,2016-12-14,9920,9920,9920,9920,43,0.14947856315179608
24,2016-12-15,11400,11400,11400,11400,5,0.14919354838709675
25,2016-12-16,12000,12000,12000,12000,3,0.05263157894736836
26,2016-12-19,12000,12000,12000,12000,1,0.0
27,2016-12-20,12000,12000,12000,12000,1,0.0
28,2016-12-21,12000,12000,10250,12000,2200,0.0
29,2016-12-22,12000,12000,12000,12000,2,0.0
30,2016-12-23,12000,12000,12000,12000,1,0.0
31,2016-12-26,12000,12000,12000,12000,1,0.0
32,2016-12-27,12000,12000,12000,12000,1,0.0
33,2016-12-28,12000,12000,12000,12000,1,0.0
34,2016-12-29,12000,12000,12000,12000,1,0.0
35,2017-01-02,10700,10700,10700,10700,0,-0.10833333333333328
36,2017-01-03,10100,12300,10100,12300,20,0.14953271028037385
37,2017-01-04,10500,10500,10500,10500,651,-0.14634146341463417
38,2017-01-05,9900,9900,9000,9000,2300,-0.1428571428571429
39,2017-01-06,8200,10350,8200,10350,238,0.1499999999999999
40,2017-01-09,11850,11850,11850,11850,5,0.14492753623188404
41,2017-01-10,13600,13600,13600,13600,1,0.14767932489451474
42,2017-01-11,11650,11650,11600,11600,166,-0.1470588235294118
43,2017-01-12,10500,10500,10500,10500,1,-0.09482758620689657
44,2017-01-13,9400,9400,9400,9400,0,-0.10476190476190472
45,2017-01-16,8600,10000,8600,10000,131,0.06382978723404253
46,2017-01-17,8900,8900,8900,8900,150,-0.10999999999999999
47,2017-01-18,8420,10100,8420,10100,151,0.1348314606741574
48,2017-01-19,11000,11000,11000,11000,1,0.08910891089108919
49,2017-01-20,11500,11500,11500,11500,1,0.045454545454545414
50,2017-01-23,9800,11950,9800,11950,28,0.03913043478260869
51,2017-01-24,10700,10700,10700,10700,0,-0.10460251046025104
52,2017-01-25,9550,9550,9550,9550,0,-0.10747663551401865
53,2017-01-26,8520,8520,8520,8520,79,-0.10785340314136127
54,2017-01-31,9780,9780,9780,9780,30,0.147887323943662
55,2017-02-01,9780,11200,9780,11200,2,0.14519427402862983
56,2017-02-02,11200,11200,11200,11200,0,0.0
57,2017-02-03,11200,11200,11200,11200,0,0.0
58,2017-02-06,11750,11750,11750,11750,1,0.049107142857142794
59,2017-02-07,13400,13400,13400,13400,1,0.1404255319148937
60,2017-02-08,13650,13700,13650,13700,4,0.02238805970149249
61,2017-02-09,11650,14000,11650,11650,17,-0.14963503649635035
62,2017-02-10,12350,12400,12350,12400,6,0.06437768240343344
63,2017-02-13,12350,12350,12350,12350,1,-0.0040322580645161255
64,2017-02-14,12750,12750,12750,12750,2,0.03238866396761142
65,2017-02-15,13000,13000,13000,13000,1,0.019607843137254832
66,2017-02-16,13000,13300,13000,13300,6,0.023076923076922995
67,2017-02-17,11350,11350,11350,11350,105,-0.14661654135338342
68,2017-02-20,11950,13050,11950,13050,106,0.14977973568281944
69,2017-02-21,11100,11650,11100,11650,127,-0.10727969348659006
70,2017-02-22,10200,11950,10200,11950,18,0.025751072961373467
71,2017-02-23,11950,11950,11950,11950,0,0.0
72,2017-02-24,11950,11950,11950,11950,0,0.0
73,2017-02-27,11950,11950,11950,11950,0,0.0
74,2017-02-28,11950,11950,11950,11950,0,0.0
75,2017-03-02,11950,11950,11950,11950,0,0.0
76,2017-03-03,11950,11950,11950,11950,0,0.0
77,2017-03-06,11950,11950,10200,10200,360,-0.14644351464435146
78,2017-03-07,11650,11700,11650,11700,6,0.1470588235294117
79,2017-03-08,11500,11500,11500,11500,20,-0.017094017094017144
80,2017-03-09,11500,11500,11500,11500,0,0.0
81,2017-03-10,11000,11000,11000,11000,0,-0.04347826086956519
82,2017-03-13,10000,10000,10000,10000,55,-0.09090909090909094
83,2017-03-14,11500,11500,11500,11500,17,0.1499999999999999
84,2017-03-15,11500,11500,11500,11500,1,0.0
85,2017-03-16,11800,11800,11800,11800,1,0.026086956521739202
86,2017-03-17,11900,13550,11900,13550,131,0.14830508474576276
87,2017-03-20,13550,13550,13550,13550,0,0.0
88,2017-03-21,13550,13550,13550,13550,0,0.0
89,2017-03-22,13000,13000,13000,13000,15,-0.040590405904059046
90,2017-03-23,13200,13200,13200,13200,30,0.01538461538461533
91,2017-03-24,13200,13200,13200,13200,0,0.0
92,2017-03-27,13000,13000,13000,13000,0,-0.015151515151515138
93,2017-03-28,12500,12500,12500,12500,0,-0.038461538461538436
94,2017-03-29,11000,11000,11000,11000,70,-0.12
95,2017-03-30,11000,11000,11000,11000,0,0.0
96,2017-03-31,12500,12500,12500,12500,50,0.13636363636363646
97,2017-04-03,12500,12500,12500,12500,0,0.0
98,2017-04-04,12500,12500,12500,12500,0,0.0
99,2017-04-05,12500,12500,12500,12500,0,0.0
100,2017-04-06,12500,12500,12500,12500,0,0.0
101,2017-04-07,13000,13000,13000,13000,20,0.040000000000000036
102,2017-04-10,13000,13000,13000,13000,0,0.0
103,2017-04-11,13000,13000,13000,13000,0,0.0
104,2017-04-12,13000,13000,13000,13000,0,0.0
105,2017-04-13,13000,13000,13000,13000,0,0.0
106,2017-04-14,13900,13900,13900,13900,150,0.0692307692307692
107,2017-04-17,13900,13900,13900,13900,0,0.0
108,2017-04-18,13900,13900,13900,13900,0,0.0
109,2017-04-19,13900,13900,13900,13900,0,0.0
110,2017-04-20,13900,13900,13900,13900,0,0.0
111,2017-04-21,13900,13900,13900,13900,0,0.0
112,2017-04-24,13900,13900,13900,13900,0,0.0
113,2017-04-25,13900,13900,13900,13900,0,0.0
114,2017-04-26,13900,13900,13900,13900,0,0.0
115,2017-04-27,13900,13900,13900,13900,0,0.0
116,2017-04-28,13900,13900,13900,13900,0,0.0
117,2017-05-02,13900,13900,13900,13900,0,0.0
118,2017-05-04,13900,13900,13900,13900,0,0.0
119,2017-05-08,13900,13900,13900,13900,0,0.0
120,2017-05-10,13900,13900,13900,13900,0,0.0
121,2017-05-11,13900,13900,13900,13900,0,0.0
122,2017-05-12,13900,13900,13900,13900,0,0.0
123,2017-05-15,13900,13900,13900,13900,0,0.0
124,2017-05-16,13900,13900,13900,13900,0,0.0
125,2017-05-17,13900,13900,13900,13900,0,0.0
126,2017-05-18,13900,13900,13900,13900,0,0.0
127,2017-05-19,13900,13900,13900,13900,0,0.0
128,2017-05-22,13900,13900,13900,13900,0,0.0
129,2017-05-23,13900,13900,13900,13900,0,0.0
130,2017-05-24,12000,12000,12000,12000,0,-0.13669064748201443
131,2017-05-25,12000,12000,12000,12000,0,0.0
132,2017-05-26,12000,12000,12000,12000,0,0.0
133,2017-05-29,12500,12500,12500,12500,100,0.04166666666666674
134,2017-05-30,12000,14350,12000,14350,77,0.1479999999999999
135,2017-05-31,13000,13000,13000,13000,300,-0.09407665505226481
136,2017-06-01,14000,14000,14000,14000,111,0.07692307692307687
137,2017-06-02,12500,12500,12500,12500,200,-0.1071428571428571
138,2017-06-05,12500,12500,12500,12500,0,0.0
139,2017-06-07,13000,13000,13000,13000,106,0.040000000000000036
140,2017-06-08,13000,13000,13000,13000,0,0.0
141,2017-06-09,13000,13000,13000,13000,0,0.0
142,2017-06-12,13000,13000,13000,13000,0,0.0
143,2017-06-13,12500,12500,12500,12500,209,-0.038461538461538436
144,2017-06-14,13000,13000,13000,13000,0,0.040000000000000036
145,2017-06-15,13000,13000,13000,13000,0,0.0
146,2017-06-16,13000,13000,13000,13000,0,0.0
147,2017-06-19,13000,13000,13000,13000,340,0.0
148,2017-06-20,13000,13000,13000,13000,0,0.0
149,2017-06-21,12500,12500,12500,12500,850,-0.038461538461538436
150,2017-06-22,12500,12500,12500,12500,0,0.0
151,2017-06-23,12500,12500,12500,12500,0,0.0
152,2017-06-26,13000,13000,13000,13000,0,0.040000000000000036
153,2017-06-27,13000,13000,13000,13000,0,0.0
154,2017-06-28,13000,13000,13000,13000,0,0.0
155,2017-06-29,13000,13000,13000,13000,0,0.0
156,2017-06-30,13000,13000,13000,13000,0,0.0
157,2017-07-03,12500,12500,12500,12500,100,-0.038461538461538436
158,2017-07-04,12500,12500,12500,12500,0,0.0
159,2017-07-05,10650,14300,10650,14300,443,0.1439999999999999
160,2017-07-06,14300,14300,14300,14300,0,0.0
161,2017-07-07,14250,14250,14250,14250,0,-0.0034965034965035446
162,2017-07-10,12500,12500,12500,12500,105,-0.1228070175438597
163,2017-07-11,12500,12500,12500,12500,0,0.0
164,2017-07-12,12500,12500,12500,12500,0,0.0
165,2017-07-13,12500,12500,12500,12500,0,0.0
166,2017-07-14,12500,12500,12500,12500,0,0.0
167,2017-07-17,12500,12500,12500,12500,0,0.0
168,2017-07-18,12500,12500,12500,12500,0,0.0
169,2017-07-19,12500,12500,12500,12500,0,0.0
170,2017-07-20,12500,12500,12500,12500,0,0.0
171,2017-07-21,12500,12500,12500,12500,0,0.0
172,2017-07-24,12500,12500,12500,12500,14,0.0
173,2017-07-25,12500,12500,12500,12500,0,0.0
174,2017-07-26,14300,14300,14300,14300,170,0.1439999999999999
175,2017-07-27,14300,14300,14300,14300,0,0.0
176,2017-07-28,14300,14300,14300,14300,0,0.0
177,2017-07-31,14300,14300,14300,14300,0,0.0
178,2017-08-01,14300,14300,14300,14300,0,0.0
179,2017-08-02,14300,14300,14300,14300,0,0.0
180,2017-08-03,14300,14300,14300,14300,0,0.0
181,2017-08-04,14300,14300,14300,14300,0,0.0
182,2017-08-07,14300,14300,14300,14300,0,0.0
183,2017-08-08,14300,14300,14300,14300,0,0.0
184,2017-08-09,14300,14300,14300,14300,0,0.0
185,2017-08-10,14300,14300,14300,14300,0,0.0
186,2017-08-11,14300,14300,14300,14300,0,0.0
187,2017-08-14,14300,14300,14300,14300,0,0.0
188,2017-08-16,14300,14300,14300,14300,0,0.0
189,2017-08-17,14300,14300,14300,14300,0,0.0
190,2017-08-18,14300,14300,14300,14300,0,0.0
191,2017-08-21,14300,14300,14300,14300,0,0.0
192,2017-08-22,14300,14300,14300,14300,0,0.0
193,2017-08-23,14300,14300,14300,14300,0,0.0
194,2017-08-24,14300,14300,14300,14300,0,0.0
195,2017-08-25,14300,14300,14300,14300,0,0.0
196,2017-08-28,14300,14300,14300,14300,0,0.0
197,2017-08-29,14300,14300,14300,14300,0,0.0
198,2017-08-30,14300,14300,14300,14300,0,0.0
199,2017-08-31,14300,14300,14300,14300,0,0.0
200,2017-09-01,14300,14300,14300,14300,0,0.0
201,2017-09-04,14300,14300,14300,14300,0,0.0
202,2017-09-05,14300,14300,14300,14300,0,0.0
203,2017-09-06,14300,14300,14300,14300,0,0.0
204,2017-09-07,14300,14300,14300,14300,0,0.0
205,2017-09-08,14300,14300,14300,14300,0,0.0
206,2017-09-11,14300,14300,14300,14300,0,0.0
207,2017-09-12,14300,14300,14300,14300,0,0.0
208,2017-09-13,14300,14300,14300,14300,0,0.0
209,2017-09-14,14300,14300,14300,14300,0,0.0
210,2017-09-15,14300,14300,14300,14300,0,0.0
211,2017-09-18,14300,14300,14300,14300,0,0.0
212,2017-09-19,14300,14300,14300,14300,0,0.0
213,2017-09-20,14300,14300,14300,14300,0,0.0
214,2017-09-21,14300,14300,14300,14300,0,0.0
215,2017-09-22,14300,14300,14300,14300,0,0.0
216,2017-09-25,14300,14300,14300,14300,0,0.0
217,2017-09-26,14300,14300,14300,14300,0,0.0
218,2017-09-27,14300,14300,14300,14300,0,0.0
219,2017-09-28,14300,14300,14300,14300,0,0.0
220,2017-09-29,14300,14300,14300,14300,0,0.0
221,2017-10-10,14300,14300,14300,14300,0,0.0
222,2017-10-11,14300,14300,14300,14300,0,0.0
223,2017-10-12,12200,14500,12200,14500,120,0.013986013986013957
224,2017-10-13,14500,14650,14500,14650,7,0.010344827586206806
225,2017-10-16,14550,14550,14550,14550,0,-0.0068259385665528916
226,2017-10-17,14550,14550,14550,14550,0,0.0
227,2017-10-18,14550,14550,14550,14550,0,0.0
228,2017-10-19,14550,14550,14550,14550,0,0.0
229,2017-10-20,14550,14550,14550,14550,0,0.0
230,2017-10-23,14550,14550,14550,14550,0,0.0
231,2017-10-24,14500,14500,14500,14500,0,-0.0034364261168384758
232,2017-10-25,14500,14500,14500,14500,0,0.0
233,2017-10-26,14500,14500,14500,14500,0,0.0
234,2017-10-27,12350,14450,12350,14450,180,-0.0034482758620689724
235,2017-10-30,14450,14450,14450,14450,0,0.0
236,2017-10-31,14450,14450,14450,14450,0,0.0
237,2017-11-01,12300,14550,12300,14550,21,0.006920415224913601
238,2017-11-02,14550,14550,14550,14550,0,0.0
239,2017-11-03,12400,14550,12400,14550,60,0.0
240,2017-11-06,14550,14550,14550,14550,0,0.0
241,2017-11-07,14550,14550,14550,14550,0,0.0
242,2017-11-08,14550,14550,14550,14550,0,0.0
243,2017-11-09,14550,14550,14550,14550,0,0.0
244,2017-11-10,14550,14550,14550,14550,0,0.0
245,2017-11-13,14550,14550,14550,14550,0,0.0
246,2017-11-14,14550,14550,14550,14550,0,0.0
247,2017-11-15,14550,14550,14550,14550,0,0.0
248,2017-11-16,14550,14550,14550,14550,0,0.0
249,2017-11-17,14550,14550,14550,14550,0,0.0
250,2017-11-20,14550,14550,14550,14550,0,0.0
251,2017-11-21,14000,14000,14000,14000,200,-0.037800687285223344
252,2017-11-22,14000,14000,14000,14000,100,0.0
253,2017-11-23,14000,14000,14000,14000,85,0.0
254,2017-11-24,14000,14000,14000,14000,115,0.0
255,2017-11-27,14000,14000,14000,14000,0,0.0
256,2017-11-28,14000,14000,14000,14000,3,0.0
257,2017-11-29,14000,14000,14000,14000,0,0.0
258,2017-11-30,14000,14000,14000,14000,0,0.0
259,2017-12-01,14000,14000,14000,14000,2,0.0
260,2017-12-04,14000,14000,14000,14000,0,0.0
261,2017-12-05,14000,14000,14000,14000,1,0.0
262,2017-12-06,13500,14100,13500,14100,3011,0.0071428571428571175
263,2017-12-07,14100,14100,14100,14100,0,0.0
264,2017-12-08,14100,14100,14100,14100,0,0.0
265,2017-12-11,14100,14100,14100,14100,0,0.0
266,2017-12-12,14100,14100,14100,14100,0,0.0
267,2017-12-13,14000,14000,14000,14000,30,-0.007092198581560294
268,2017-12-14,13000,14400,13000,14400,1640,0.02857142857142847
269,2017-12-15,14400,14400,14400,14400,0,0.0
270,2017-12-18,13500,13500,13500,13500,1020,-0.0625
271,2017-12-19,14050,14050,14050,14050,0,0.040740740740740744
272,2017-12-20,14100,14100,14100,14100,10,0.003558718861210064
273,2017-12-21,14150,14150,13500,13500,1388,-0.04255319148936165
274,2017-12-22,14000,14000,14000,14000,0,0.03703703703703698
275,2017-12-26,14100,14100,14100,14100,30,0.0071428571428571175
276,2017-12-27,14500,14500,14500,14500,1260,0.028368794326241176
277,2017-12-28,14500,15000,14500,15000,150,0.034482758620689724
278,2018-01-02,15000,15000,15000,15000,0,0.0
279,2018-01-03,15500,15500,15500,15500,10,0.03333333333333344
280,2018-01-04,15500,16000,15500,16000,1005,0.032258064516129004
281,2018-01-05,16100,16100,16100,16100,0,0.006250000000000089
282,2018-01-08,16500,16500,16500,16500,10,0.024844720496894457
283,2018-01-09,16000,16000,16000,16000,80,-0.030303030303030276
284,2018-01-10,16200,16200,16200,16200,408,0.012499999999999956
285,2018-01-11,17500,18600,17500,18600,50,0.14814814814814814
286,2018-01-12,18600,18600,18600,18600,0,0.0
287,2018-01-15,18600,18600,18600,18600,0,0.0
288,2018-01-16,19000,19000,19000,19000,525,0.021505376344086002
289,2018-01-17,19000,19000,19000,19000,0,0.0
290,2018-01-18,19000,19000,19000,19000,0,0.0
291,2018-01-19,19000,19000,19000,19000,160,0.0
292,2018-01-22,19000,19000,19000,19000,0,0.0
293,2018-01-23,19000,19500,17200,19500,271,0.026315789473684292
294,2018-01-24,19500,19500,19000,19000,911,-0.02564102564102566
295,2018-01-25,20000,20000,20000,20000,1,0.05263157894736836
296,2018-01-26,23000,23000,23000,23000,2,0.1499999999999999
297,2018-01-29,21000,21000,21000,21000,0,-0.08695652173913049
298,2018-01-30,24100,24100,24100,24100,2,0.14761904761904754
299,2018-01-31,21500,21500,21500,21500,100,-0.10788381742738584
300,2018-02-01,21500,21500,20000,21450,116,-0.0023255813953488857
301,2018-02-02,21000,21000,21000,21000,10,-0.020979020979020935
302,2018-02-05,21000,21000,21000,21000,785,0.0
303,2018-02-06,21000,21000,20000,21000,1240,0.0
304,2018-02-07,21200,22200,20100,22200,106,0.05714285714285716
305,2018-02-08,22200,22200,22200,22200,10,0.0
306,2018-02-09,22200,22200,22200,22200,0,0.0
307,2018-02-12,22200,25000,22200,25000,35,0.12612612612612617
308,2018-02-13,21250,21250,21250,21250,1000,-0.15000000000000002
309,2018-02-14,22500,22500,19000,22500,835,0.05882352941176472
310,2018-02-19,19150,23000,19150,23000,1239,0.022222222222222143
311,2018-02-20,20000,23000,20000,23000,119,0.0
312,2018-02-21,23000,23000,23000,23000,21,0.0
313,2018-02-22,22000,22000,21000,21000,600,-0.08695652173913049
314,2018-02-23,21000,21500,21000,21500,50,0.023809523809523725
315,2018-02-26,21500,21500,21500,21500,0,0.0
316,2018-02-27,20000,23000,19000,23000,241,0.06976744186046502
317,2018-02-28,19800,19800,19800,19800,100,-0.13913043478260867
318,2018-03-02,22500,22500,22500,22500,1,0.13636363636363646
319,2018-03-05,22500,22500,22500,22500,0,0.0
320,2018-03-06,22500,22500,22500,22500,0,0.0
321,2018-03-07,20000,20000,20000,20000,51,-0.11111111111111116
322,2018-03-08,19500,19500,17150,17150,961,-0.14249999999999996
323,2018-03-09,17150,17150,17150,17150,125,0.0
324,2018-03-12,16050,16050,16050,16050,151,-0.06413994169096215
325,2018-03-13,16050,16050,16050,16050,0,0.0
326,2018-03-14,18400,18400,18400,18400,0,0.14641744548286595
327,2018-03-15,18400,18400,18400,18400,0,0.0
328,2018-03-16,20000,20000,20000,20000,0,0.08695652173913038
329,2018-03-19,17000,17000,17000,17000,100,-0.15000000000000002
330,2018-03-20,14800,19550,14800,14800,695,-0.12941176470588234
331,2018-03-21,14800,14800,14800,14800,10,0.0
332,2018-03-22,16900,17000,15250,15350,653,0.03716216216216206
333,2018-03-23,17650,17650,15650,15850,520,0.032573289902280145
334,2018-03-26,16350,16750,16350,16750,101,0.056782334384858135
335,2018-03-27,14250,15050,14250,15050,2098,-0.10149253731343288
336,2018-03-28,13300,16000,13300,16000,2310,0.06312292358803995
337,2018-03-29,14300,15100,14300,15100,1530,-0.05625000000000002
338,2018-03-30,15250,15250,15250,15250,0,0.009933774834437026
339,2018-04-02,15450,15450,15450,15450,0,0.013114754098360715
340,2018-04-03,15450,15450,15450,15450,0,0.0
341,2018-04-04,15450,15450,15450,15450,0,0.0
342,2018-04-05,16050,16050,16050,16050,0,0.03883495145631066
343,2018-04-06,16000,16000,16000,16000,1,-0.0031152647975077885
344,2018-04-09,16500,16500,16500,16500,0,0.03125
345,2018-04-10,16500,17000,15200,15200,280,-0.07878787878787874
346,2018-04-11,15500,16600,15500,16550,434,0.08881578947368429
347,2018-04-12,15800,15800,14400,14850,1821,-0.10271903323262843
348,2018-04-13,16500,16900,16450,16900,210,0.13804713804713797
349,2018-04-16,16900,17500,16900,17500,125,0.035502958579881616
350,2018-04-17,17000,17900,17000,17550,957,0.0028571428571428914
351,2018-04-18,16700,20000,16700,20000,542,0.13960113960113962
352,2018-04-19,20000,22000,20000,22000,641,0.10000000000000009
353,2018-04-20,22000,23000,22000,23000,601,0.045454545454545414
354,2018-04-23,23000,23000,23000,23000,5,0.0
355,2018-04-24,21000,22000,21000,22000,10,-0.04347826086956519
356,2018-04-25,22000,22000,22000,22000,0,0.0
357,2018-04-26,22000,22000,22000,22000,150,0.0
358,2018-04-27,22000,22000,21000,21000,201,-0.045454545454545414
359,2018-04-30,22500,22500,22500,22500,5,0.0714285714285714
360,2018-05-02,22500,22500,21500,22000,570,-0.022222222222222254
361,2018-05-03,23000,24000,21000,21000,454,-0.045454545454545414
362,2018-05-04,23950,23950,20000,20000,52,-0.04761904761904767
363,2018-05-08,22450,22450,20000,20000,2,0.0
364,2018-05-09,22500,23000,19000,19150,535,-0.04249999999999998
365,2018-05-10,19150,19150,19150,19150,0,0.0
366,2018-05-11,21800,22000,19350,19350,520,0.010443864229765065
367,2018-05-14,19500,19500,19500,19500,0,0.007751937984496138
368,2018-05-15,19500,19500,19500,19500,0,0.0
369,2018-05-16,19500,19500,19500,19500,0,0.0
370,2018-05-17,19700,19700,19700,19700,0,0.01025641025641022
371,2018-05-18,21000,21000,21000,21000,1,0.06598984771573613
372,2018-05-21,21000,21000,20500,20500,207,-0.023809523809523836
373,2018-05-23,19300,21000,19300,21000,878,0.024390243902439046
374,2018-05-24,21000,21000,20000,20000,12,-0.04761904761904767
375,2018-05-25,19000,22000,19000,21500,541,0.07499999999999996
376,2018-05-28,22500,22500,22500,22500,151,0.04651162790697683
377,2018-05-29,24000,24000,20200,23800,1703,0.057777777777777706
378,2018-05-30,25500,25500,21200,23000,302,-0.03361344537815125
379,2018-05-31,23000,23000,23000,23000,367,0.0
380,2018-06-01,23500,24500,23500,24500,86,0.0652173913043479
381,2018-06-04,25900,25900,22100,22100,751,-0.09795918367346934
382,2018-06-05,24500,24500,24500,24500,3,0.10859728506787336
383,2018-06-07,24500,27300,24500,27300,20,0.11428571428571432
384,2018-06-08,28400,28400,24000,24000,1064,-0.1208791208791209
385,2018-06-11,24000,24000,22150,22150,151,-0.07708333333333328
386,2018-06-12,24000,24000,24000,24000,170,0.08352144469525968
387,2018-06-14,26450,26450,26450,26450,1,0.1020833333333333
388,2018-06-15,22600,24950,22600,24950,22,-0.056710775047258966
389,2018-06-18,24000,24000,24000,24000,49,-0.038076152304609256
390,2018-06-19,22700,25900,22650,25900,305,0.07916666666666661
391,2018-06-20,23000,23000,22500,22500,160,-0.13127413127413123
392,2018-06-21,23000,23000,23000,23000,9,0.022222222222222143
393,2018-06-22,23800,23800,23800,23800,1,0.034782608695652195
394,2018-06-25,25950,25950,25950,25950,1,0.09033613445378141
395,2018-06-26,25150,25150,25150,25150,89,-0.030828516377649273
396,2018-06-27,25000,25000,25000,25000,4402,-0.005964214711729587
397,2018-06-28,22500,25000,22500,25000,244,0.0
398,2018-06-29,25000,25000,25000,25000,32,0.0
399,2018-07-02,25900,25900,25900,25900,1,0.03600000000000003
400,2018-07-03,25900,26900,25900,25900,35,0.0
401,2018-07-04,23000,23100,23000,23000,2051,-0.11196911196911197
402,2018-07-05,24900,24900,23000,23000,40,0.0
403,2018-07-06,22500,22500,22400,22400,800,-0.02608695652173909
404,2018-07-09,22000,22000,22000,22000,100,-0.017857142857142905
405,2018-07-10,20500,21950,20000,20000,5992,-0.09090909090909094
406,2018-07-11,20000,20000,20000,20000,1005,0.0
407,2018-07-12,20000,21500,19200,19200,3679,-0.040000000000000036
408,2018-07-13,20000,22050,20000,22050,74589,0.1484375
409,2018-07-16,22050,25350,22050,25350,158,0.14965986394557818
410,2018-07-17,23000,26000,22200,25950,605,0.023668639053254337
411,2018-07-18,26000,26000,25200,26000,52,0.0019267822736031004
412,2018-07-19,25000,25000,22200,22250,260,-0.14423076923076927
413,2018-07-20,24500,25000,24000,25000,150,0.12359550561797761
414,2018-07-23,24250,25500,24250,25500,101,0.020000000000000018
415,2018-07-24,23000,25600,23000,25600,1101,0.0039215686274509665
416,2018-07-25,23600,25500,22150,25450,1624,-0.005859375
417,2018-07-26,22700,24000,22000,24000,2187,-0.056974459724950854
418,2018-07-27,23950,24000,22400,23350,262,-0.027083333333333348
419,2018-07-30,23850,26500,22300,26500,6492,0.13490364025695922
420,2018-07-31,22600,25900,22550,25900,4604,-0.02264150943396226
421,2018-08-01,23600,24900,22100,24900,11416,-0.038610038610038644
422,2018-08-02,22200,23300,22200,23200,733,-0.06827309236947787
423,2018-08-03,22200,23950,22200,23950,1650,0.032327586206896575
424,2018-08-06,23500,23500,22000,22950,1970,-0.04175365344467641
425,2018-08-07,22950,23850,22950,23850,280,0.03921568627450989
426,2018-08-08,23500,23500,22000,22450,2578,-0.058700209643605894
427,2018-08-09,22000,22450,22000,22450,1591,0.0
428,2018-08-10,21750,22400,21750,22400,101,-0.00222717149220486
429,2018-08-13,22350,22350,22350,22350,10,-0.0022321428571429047
430,2018-08-14,22300,22300,22000,22250,3069,-0.004474272930648726
431,2018-08-16,22200,22350,21550,21550,4228,-0.03146067415730336
432,2018-08-17,21500,23500,21500,23500,1843,0.09048723897911826
433,2018-08-20,24450,24450,24450,24450,4,0.04042553191489362
434,2018-08-21,22150,23900,22000,23100,1700,-0.05521472392638038
435,2018-08-22,23100,23450,22500,23450,13869,0.015151515151515138
436,2018-08-23,23900,25150,23900,25150,5586,0.07249466950959493
437,2018-08-24,25000,26000,25000,25500,6426,0.013916500994035852
438,2018-08-27,25500,26800,23100,26800,8616,0.050980392156862786
439,2018-08-28,27000,28000,27000,27200,1212,0.014925373134328401
440,2018-08-29,29000,29000,29000,29000,137,0.06617647058823528
441,2018-08-30,29000,29000,27000,27500,545,-0.051724137931034475
442,2018-08-31,28600,29000,28400,28600,1269,0.040000000000000036
443,2018-09-03,28900,29200,28700,29000,726,0.013986013986013957
444,2018-09-04,32000,32800,29500,29500,265,0.01724137931034475
445,2018-09-05,29500,30950,29500,30300,2869,0.027118644067796627
446,2018-09-06,30000,30000,26600,30000,1247,-0.00990099009900991
447,2018-09-07,30000,30000,29000,29750,786,-0.008333333333333304
448,2018-09-10,29750,29750,29700,29700,49,-0.001680672268907557
449,2018-09-11,29700,29750,28550,29700,200,0.0
450,2018-09-12,29650,29650,29600,29650,384,-0.0016835016835017313
451,2018-09-13,29550,29600,28150,29600,949,-0.001686340640809414
452,2018-09-14,29600,29600,29300,29400,623,-0.006756756756756799
453,2018-09-17,28600,29450,28000,29450,353,0.001700680272108901
454,2018-09-18,29000,29400,28850,28850,808,-0.02037351443123936
455,2018-09-19,28500,30850,28500,30850,272,0.06932409012131724
456,2018-09-20,30850,32500,30800,31000,713,0.004862236628849326
457,2018-09-21,34000,34000,30000,30900,1541,-0.003225806451612856
458,2018-09-27,29900,30050,29100,29100,996,-0.058252427184465994
459,2018-09-28,29100,29900,29000,29850,536,0.025773195876288568
460,2018-10-01,29000,29850,28000,28100,1936,-0.058626465661641536
461,2018-10-02,28000,28000,28000,28000,238,-0.003558718861209953
462,2018-10-04,28900,28900,28000,28600,416,0.021428571428571352
463,2018-10-05,28000,28550,26100,26100,1343,-0.0874125874125874
464,2018-10-08,26100,27400,26100,27000,1241,0.034482758620689724
465,2018-10-10,27500,27500,25000,26400,1337,-0.022222222222222254
466,2018-10-11,26400,28000,26400,26600,1218,0.007575757575757569
467,2018-10-12,26600,27700,26600,26700,1696,0.003759398496240518
468,2018-10-15,28000,28000,26700,27500,1559,0.029962546816479474
469,2018-10-16,26700,29100,26700,27000,2555,-0.018181818181818188
470,2018-10-17,27000,27900,27000,27900,456,0.03333333333333344
471,2018-10-18,27000,27650,26900,26900,880,-0.03584229390681004
472,2018-10-19,27100,27800,26600,27200,576,0.011152416356877248
473,2018-10-22,27200,29100,26500,28350,4190,0.04227941176470584
474,2018-10-23,27800,27850,27000,27850,124,-0.01763668430335097
475,2018-10-24,29000,29000,26550,27600,1277,-0.008976660682226245
476,2018-10-25,28900,28900,26900,26900,70,-0.025362318840579712
477,2018-10-26,26500,26500,26500,26500,109,-0.014869888475836479
478,2018-10-29,26500,26900,26000,26000,459,-0.018867924528301883
479,2018-10-30,29000,29000,25500,28900,159,0.11153846153846159
480,2018-10-31,27500,28650,26950,26950,133,-0.06747404844290661
481,2018-11-01,28450,28500,27000,28500,832,0.0575139146567718
482,2018-11-02,28500,28500,26950,27200,1097,-0.04561403508771933
483,2018-11-05,27200,27200,26950,26950,185,-0.009191176470588203
484,2018-11-06,26950,26950,25050,26000,84,-0.03525046382189234
485,2018-11-07,25600,28450,25600,27000,13,0.03846153846153855
486,2018-11-08,27000,27400,27000,27000,12734,0.0
487,2018-11-09,28000,28000,26500,27000,4520,0.0
488,2018-11-12,27000,27950,23050,26950,2315,-0.0018518518518518823
489,2018-11-13,27000,27100,26950,27000,944,0.0018552875695732052
490,2018-11-14,27000,27000,26500,27000,968,0.0
491,2018-11-15,27000,27200,26700,27200,2299,0.007407407407407307
492,2018-11-16,27000,27200,27000,27000,1707,-0.007352941176470562
493,2018-11-19,27400,28200,27000,28200,1135,0.04444444444444451
494,2018-11-20,28000,28000,26000,26950,496,-0.04432624113475181
495,2018-11-21,26000,26900,26000,26900,152,-0.0018552875695733162
496,2018-11-22,27050,27050,26050,26850,546,-0.0018587360594795044
497,2018-11-23,26850,28400,26850,27750,3493,0.033519553072625774
498,2018-11-26,28500,29800,27550,28550,11413,0.028828828828828756
499,2018-11-27,28500,28500,28000,28350,1486,-0.007005253940455369
500,2018-11-28,30700,30700,26500,26600,3196,-0.06172839506172845
501,2018-11-29,28500,28500,26650,27300,2177,0.026315789473684292
502,2018-11-30,27350,27400,26500,27400,258,0.00366300366300365
503,2018-12-03,27350,27400,26700,27050,1839,-0.012773722627737238
504,2018-12-04,27050,28500,26750,27950,3923,0.03327171903881698
505,2018-12-05,27950,28250,23800,27600,4994,-0.012522361359570633
506,2018-12-06,30700,30700,28000,28500,231,0.032608695652173836
507,2018-12-07,16000,16000,14800,14950,2445,-0.4754385964912281
508,2018-12-10,15200,15200,12750,14450,2414,-0.03344481605351168
509,2018-12-11,13350,14200,13350,14200,1647,-0.01730103806228378
510,2018-12-12,14200,14200,13000,14000,4161,-0.014084507042253502
511,2018-12-13,13000,13650,13000,13100,2301,-0.06428571428571428
512,2018-12-14,13000,13500,13000,13000,2535,-0.007633587786259555
513,2018-12-17,13200,13200,11550,13000,981,0.0
514,2018-12-18,12950,12950,12250,12600,4189,-0.03076923076923077
515,2018-12-19,12500,12900,12400,12850,297,0.01984126984126977
516,2018-12-20,12700,12700,12650,12650,386,-0.015564202334630295
517,2018-12-21,13000,13000,12650,12700,1545,0.0039525691699604515
518,2018-12-24,13500,13500,12700,12800,3292,0.007874015748031482
519,2018-12-26,12700,12700,12700,12700,81,-0.0078125
520,2018-12-27,10800,13250,10800,12800,1981,0.007874015748031482
521,2018-12-28,13000,13000,12300,12800,2865,0.0
522,2019-01-02,12700,12900,12200,12900,2569,0.0078125
523,2019-01-03,13000,13000,13000,13000,230,0.007751937984496138
524,2019-01-04,12950,12950,12950,12950,0,-0.0038461538461538325
525,2019-01-07,14500,14500,12950,12950,112,0.0
526,2019-01-08,13400,13400,12400,12900,2295,-0.0038610038610038533
527,2019-01-09,12850,12850,12500,12750,2298,-0.011627906976744207
528,2019-01-10,12900,12900,12700,12700,695,-0.0039215686274509665
529,2019-01-11,13000,13000,12300,12650,2653,-0.003937007874015741
530,2019-01-14,12000,12550,12000,12500,3548,-0.011857707509881465
531,2019-01-15,12400,12500,12000,12000,4688,-0.040000000000000036
532,2019-01-16,12000,12200,11900,11950,1615,-0.004166666666666652
533,2019-01-17,12200,12200,12000,12050,479,0.008368200836819994
534,2019-01-18,12200,12300,12050,12100,2243,0.004149377593360981
535,2019-01-21,12450,12450,12150,12150,1748,0.004132231404958775
536,2019-01-22,12400,12600,12300,12600,1977,0.03703703703703698
537,2019-01-23,12600,12800,12500,12600,2183,0.0
538,2019-01-24,12800,12800,12500,12700,318,0.007936507936507908
539,2019-01-25,12800,13200,12700,13200,5223,0.03937007874015741
540,2019-01-28,14500,14500,12900,13250,1246,0.0037878787878788955
541,2019-01-29,13550,13600,13100,13450,1269,0.015094339622641506
542,2019-01-30,13800,13800,13200,13700,561,0.018587360594795488
543,2019-01-31,14950,14950,13000,13700,1426,0.0
544,2019-02-01,13950,13950,13500,13700,2512,0.0
545,2019-02-07,13750,14000,13700,14000,3079,0.021897810218978186
546,2019-02-08,14000,14000,13950,13950,2151,-0.0035714285714285587
547,2019-02-11,13850,13950,13700,13700,2843,-0.017921146953404965
548,2019-02-12,13950,14000,13750,13750,1791,0.0036496350364962904
549,2019-02-13,13500,13950,13500,13800,1630,0.0036363636363636598
550,2019-02-14,13950,14250,13800,14250,3098,0.032608695652173836
551,2019-02-15,14300,14400,14100,14300,969,0.0035087719298245723
552,2019-02-18,14750,14750,14300,14500,602,0.013986013986013957
553,2019-02-19,15300,15300,14000,14050,3303,-0.03103448275862064
554,2019-02-20,14300,14300,13500,13950,564,-0.007117437722419906
555,2019-02-21,13950,14550,13700,14200,3702,0.017921146953405076
556,2019-02-22,14200,14350,14050,14050,1279,-0.010563380281690127
557,2019-02-25,14200,14200,13900,14100,3322,0.003558718861210064
558,2019-02-26,14100,14100,13700,13850,1554,-0.01773049645390068
559,2019-02-27,13750,14000,13750,14000,1408,0.010830324909747224
560,2019-02-28,13900,14000,13750,14000,969,0.0
561,2019-03-04,13750,13900,13750,13800,783,-0.014285714285714235
562,2019-03-05,14450,14450,13850,14000,140,0.01449275362318847
563,2019-03-06,14000,15000,13900,14800,7032,0.05714285714285716
564,2019-03-07,14850,15350,14500,15150,14410,0.023648648648648685
565,2019-03-08,15900,17400,15050,16700,57318,0.10231023102310233
566,2019-03-11,16750,16900,16500,16700,2408,0.0
567,2019-03-12,17000,17000,16100,16750,1857,0.0029940119760478723
568,2019-03-13,16550,16550,15100,16250,4624,-0.02985074626865669
569,2019-03-14,16250,16250,14750,14800,10872,-0.08923076923076922
570,2019-03-15,15250,15800,15150,15700,2337,0.060810810810810745
571,2019-03-18,17900,17900,15150,16450,2945,0.047770700636942776
572,2019-03-19,16300,16400,15700,16150,3697,-0.018237082066869248
573,2019-03-20,15100,16200,15100,16150,1360,0.0
574,2019-03-21,15500,16150,14300,16000,20115,-0.009287925696594423
575,2019-03-22,15950,18350,15950,17500,31323,0.09375
576,2019-03-25,17000,17400,16700,17350,3872,-0.008571428571428563
577,2019-03-26,17700,17800,17050,17800,5570,0.025936599423631135
578,2019-03-27,17100,17600,17000,17500,2503,-0.016853932584269704
579,2019-03-28,17500,17500,16600,17000,166317,-0.02857142857142858
580,2019-03-29,17350,17900,17000,17400,5599,0.0235294117647058
581,2019-04-01,17400,17400,16500,17150,218,-0.014367816091954033
582,2019-04-02,17900,17900,16600,16950,966,-0.011661807580174877
583,2019-04-03,17000,17000,16700,16950,740,0.0
584,2019-04-04,17000,17000,15850,16700,3315,-0.014749262536873142
585,2019-04-05,16700,16700,15550,15800,15425,-0.053892215568862256
586,2019-04-08,15900,16250,15100,15100,5757,-0.044303797468354444
587,2019-04-09,15100,15400,15000,15400,1692,0.019867549668874274
588,2019-04-10,15400,15700,14750,15650,8342,0.016233766233766156
589,2019-04-11,16500,17350,16300,17350,25039,0.10862619808306717
590,2019-04-12,18000,18000,16000,16150,12566,-0.06916426512968299
591,2019-04-15,16350,16350,15350,15750,8803,-0.024767801857585092
592,2019-04-16,15700,15750,15200,15450,6776,-0.01904761904761909
593,2019-04-17,15050,15900,14800,15100,9929,-0.02265372168284785
594,2019-04-18,14800,15700,14750,15150,15679,0.0033112582781456013
595,2019-04-19,15450,15450,13950,14850,24670,-0.01980198019801982
596,2019-04-22,15000,15200,14500,15050,11537,0.013468013468013407
597,2019-04-23,15100,15100,14650,14900,9666,-0.009966777408637828
598,2019-04-24,14800,15000,14800,14950,2261,0.003355704697986628
599,2019-04-25,14650,15000,14350,15000,8618,0.0033444816053511683
600,2019-04-26,14950,14950,14950,14950,291,-0.0033333333333332993
601,2019-04-29,14950,14950,14450,14700,2297,-0.01672240802675584
602,2019-04-30,14400,14650,13650,14000,11190,-0.04761904761904767
603,2019-05-02,14000,14100,13700,14000,3244,0.0
604,2019-05-03,14050,14500,13950,14300,9368,0.021428571428571352
605,2019-05-07,14300,14700,14300,14400,8323,0.006993006993007089
606,2019-05-08,14750,14750,13650,14300,10360,-0.00694444444444442
607,2019-05-09,12800,13800,12500,12800,40405,-0.1048951048951049
608,2019-05-10,12800,13500,12050,13250,15749,0.03515625
609,2019-05-13,13900,13900,12000,12150,20506,-0.08301886792452828
610,2019-05-14,12300,12400,11800,12100,18992,-0.004115226337448541
611,2019-05-15,12100,12350,11900,12000,13282,-0.008264462809917328
612,2019-05-16,12300,12300,11200,11400,36204,-0.050000000000000044
613,2019-05-17,11750,11750,10650,11100,34075,-0.02631578947368418
614,2019-05-20,11250,11300,10650,10650,33072,-0.04054054054054057
615,2019-05-21,10650,10700,10400,10700,27128,0.0046948356807512415
616,2019-05-22,10900,10900,10550,10650,4049,-0.004672897196261627
617,2019-05-23,10700,10950,10600,10700,4008,0.0046948356807512415
618,2019-05-24,10650,10950,10650,10900,11099,0.01869158878504673
619,2019-05-27,11100,11100,10500,10950,17658,0.004587155963302836
620,2019-05-28,11150,12000,10050,10150,2969629,-0.0730593607305936
621,2019-05-29,10400,10650,10000,10050,919428,-0.009852216748768461
622,2019-05-30,10000,10350,8900,8900,704308,-0.11442786069651745
623,2019-05-31,8880,10200,8510,9100,1054534,0.022471910112359605
624,2019-06-03,9020,9340,8820,8820,239670,-0.03076923076923077
625,2019-06-04,8760,9350,8530,8750,554816,-0.007936507936507908
626,2019-06-05,8830,9150,8780,8780,334222,0.0034285714285713365
627,2019-06-07,8810,8900,8710,8750,145849,-0.003416856492027387
628,2019-06-10,8810,9020,8750,8800,158888,0.005714285714285783
629,2019-06-11,8900,9320,8900,9080,287323,0.031818181818181746
630,2019-06-12,9120,9250,8850,8950,179535,-0.014317180616740033
631,2019-06-13,9010,9140,8780,8870,131405,-0.00893854748603351
632,2019-06-14,8970,9140,8830,9000,124936,0.014656144306651742
633,2019-06-17,9100,9810,8880,8930,818819,-0.007777777777777772
634,2019-06-18,9000,9040,8670,8860,218096,-0.007838745800671898
635,2019-06-19,8870,8950,8740,8770,135654,-0.010158013544018019
636,2019-06-20,8780,8940,8730,8850,100523,0.009122006841505215
637,2019-06-21,8840,9150,8710,8770,299375,-0.009039548022598876
638,2019-06-24,8770,8900,8600,8620,116996,-0.01710376282782211
639,2019-06-25,8630,8690,8000,8030,296941,-0.06844547563805103
640,2019-06-26,8010,8160,7900,8000,124998,-0.0037359900373599153
641,2019-06-27,8010,8020,7530,7590,141153,-0.05125000000000002
642,2019-06-28,7640,7760,6970,7320,208252,-0.035573122529644285
643,2019-07-01,7400,7440,6970,7160,110881,-0.021857923497267784
644,2019-07-02,7170,7430,7070,7230,115223,0.009776536312849249
645,2019-07-03,7240,8440,7200,7680,1411956,0.06224066390041494
646,2019-07-04,7630,7670,7190,7220,279361,-0.05989583333333337
647,2019-07-05,7340,7340,7060,7090,124388,-0.018005540166205036
648,2019-07-08,7070,7310,6980,7060,130372,-0.004231311706629048
649,2019-07-09,7060,8300,7060,7410,1371452,0.049575070821529676
650,2019-07-10,7420,7670,7310,7490,208215,0.010796221322537214
651,2019-07-11,7550,7880,7430,7620,243283,0.01735647530040052
652,2019-07-12,7670,7750,7500,7610,142012,-0.001312335958005284
653,2019-07-15,7670,7670,7200,7320,132413,-0.03810775295663604
654,2019-07-16,7320,7390,7100,7200,115943,-0.016393442622950838
655,2019-07-17,7130,7190,6930,6960,112280,-0.033333333333333326
656,2019-07-18,6960,7090,6870,6870,97403,-0.012931034482758674
657,2019-07-19,6900,7060,6840,7010,86694,0.020378457059679667
658,2019-07-22,7050,7120,6940,6940,62825,-0.0099857346647646
659,2019-07-23,7030,7880,7030,7210,948723,0.03890489913544659
660,2019-07-24,7220,7280,6990,7010,145523,-0.0277392510402219
661,2019-07-25,7010,7030,6700,6770,139375,-0.0342368045649073
662,2019-07-26,6810,6820,6340,6500,120537,-0.03988183161004433
663,2019-07-29,6400,6550,6000,6060,101365,-0.06769230769230772
664,2019-07-30,6060,6250,6000,6200,36063,0.02310231023102305
665,2019-07-31,6080,6200,5820,6090,57795,-0.01774193548387093
666,2019-08-01,6030,6330,5870,5950,94867,-0.02298850574712641
667,2019-08-02,5750,5890,5610,5770,59336,-0.030252100840336138
668,2019-08-05,5800,5950,5000,5110,128662,-0.11438474870017334
669,2019-08-06,4965,5080,4510,4780,175380,-0.06457925636007833
670,2019-08-07,4825,4970,4695,4820,84902,0.008368200836819994
671,2019-08-08,4820,5090,4800,4950,107761,0.026970954356846377
672,2019-08-09,5000,5390,4950,5100,143448,0.030303030303030276
673,2019-08-12,5140,5140,4940,5060,51104,-0.007843137254901933
674,2019-08-13,5060,5060,4830,4890,74651,-0.03359683794466406
675,2019-08-14,4910,5280,4910,5020,114437,0.026584867075664542
676,2019-08-16,4975,4975,4720,4855,42274,-0.03286852589641431
677,2019-08-19,4860,4985,4710,4830,31668,-0.005149330587023715
678,2019-08-20,4840,5310,4780,5100,183011,0.05590062111801242
679,2019-08-21,5110,5250,5000,5170,124140,0.013725490196078383
680,2019-08-22,5200,5690,5200,5510,500886,0.06576402321083163
681,2019-08-23,5420,6280,5260,5800,919036,0.05263157894736836
682,2019-08-26,5700,5700,5350,5350,212537,-0.07758620689655171
683,2019-08-27,5420,5550,5210,5220,122145,-0.024299065420560706
684,2019-08-28,5180,5750,5180,5700,234292,0.09195402298850586
685,2019-08-29,5670,7150,5630,6480,2828458,0.13684210526315788
686,2019-08-30,6520,6980,6380,6430,752549,-0.007716049382716084
687,2019-09-02,6430,6480,6100,6270,272340,-0.02488335925349927
688,2019-09-03,6260,6720,6100,6480,422349,0.03349282296650724
689,2019-09-04,6460,6920,6410,6730,440833,0.03858024691358031
690,2019-09-05,6790,6790,6440,6520,151227,-0.031203566121842496
691,2019-09-06,6500,6620,6270,6280,108605,-0.036809815950920255
692,2019-09-09,6280,6570,6180,6220,115709,-0.009554140127388533
693,2019-09-10,6300,6350,6060,6090,68953,-0.020900321543408373
694,2019-09-11,6060,6800,6030,6370,465883,0.04597701149425282
695,2019-09-16,6360,6580,6210,6390,113303,0.0031397174254317317
696,2019-09-17,6360,6570,6310,6340,177044,-0.007824726134585291
697,2019-09-18,6360,6440,6200,6230,143594,-0.017350157728706628
698,2019-09-19,6210,6400,6180,6230,113011,0.0
699,2019-09-20,6330,6760,6260,6290,526006,0.009630818619582593
700,2019-09-23,6340,6410,6260,6260,92407,-0.004769475357710662
701,2019-09-24,6120,6230,6060,6110,113883,-0.02396166134185307
702,2019-09-25,6100,6170,5690,5730,127597,-0.06219312602291327
703,2019-09-26,5750,5860,5540,5540,87545,-0.03315881326352532
704,2019-09-27,6940,7200,6320,6320,4477045,0.1407942238267148
705,2019-09-30,6160,6290,5800,5800,530816,-0.08227848101265822
706,2019-10-01,6000,6070,5780,5780,245732,-0.0034482758620689724
707,2019-10-02,5710,5880,5600,5660,220103,-0.02076124567474047
708,2019-10-04,5600,5760,5600,5600,104163,-0.010600706713780883
709,2019-10-07,5690,5830,5650,5780,163526,0.03214285714285725
710,2019-10-08,5780,6120,5640,5810,437785,0.00519031141868509
711,2019-10-10,5890,7040,5810,6560,2997817,0.12908777969018925
712,2019-10-11,6740,6770,6430,6500,530032,-0.009146341463414642
713,2019-10-14,6640,6810,6550,6700,379904,0.03076923076923066
714,2019-10-15,6680,6760,6560,6650,219894,-0.007462686567164201
715,2019-10-16,6650,6780,6620,6710,245932,0.009022556390977376
716,2019-10-17,6710,6820,6620,6800,264276,0.013412816691505292
717,2019-10-18,6830,6840,6480,6490,182681,-0.045588235294117596
718,2019-10-21,6550,6680,6350,6350,104486,-0.02157164869029271
719,2019-10-22,6400,6450,6270,6400,123141,0.007874015748031482
720,2019-10-23,8000,8000,6610,6750,820956,0.0546875
721,2019-10-24,6670,6710,6350,6500,205492,-0.03703703703703709
722,2019-10-25,6540,6540,5960,6150,221881,-0.05384615384615388
723,2019-10-28,5800,6140,5650,6010,278767,-0.02276422764227637
724,2019-10-29,5970,6190,5950,6070,74539,0.009983361064891838
725,2019-10-30,6100,6220,6100,6140,57966,0.011532125205930832
726,2019-10-31,6230,6230,6040,6050,79158,-0.014657980456026065
727,2019-11-01,6010,6180,6010,6130,62494,0.013223140495867813
728,2019-11-04,6140,6270,6120,6200,81554,0.011419249592169667
729,2019-11-05,6210,6340,6140,6220,154064,0.003225806451612856
730,2019-11-06,6250,6800,6250,6340,563966,0.019292604501607746
731,2019-11-07,6340,6580,6270,6300,192944,-0.006309148264984188
732,2019-11-08,6360,6360,6200,6250,105685,-0.007936507936507908
733,2019-11-11,6300,6400,6200,6300,58183,0.008000000000000007
734,2019-11-12,6270,6460,6270,6320,127280,0.0031746031746031633
735,2019-11-13,6320,6430,6230,6330,107143,0.0015822784810126667
736,2019-11-14,6350,6370,6280,6290,51832,-0.006319115323854652
737,2019-11-15,6300,6320,6120,6190,93731,-0.015898251192368873
738,2019-11-18,6190,6200,6070,6100,85764,-0.014539579967689842
739,2019-11-19,6100,6160,5940,6040,114456,-0.00983606557377048
740,2019-11-20,5960,6120,5960,5990,76547,-0.008278145695364225
741,2019-11-21,5950,6070,5780,5790,101588,-0.03338898163606008
742,2019-11-22,5790,5970,5760,5900,48733,0.01899827288428324
743,2019-11-25,5950,6080,5810,6020,36048,0.02033898305084736
744,2019-11-26,6110,6170,6000,6110,48569,0.014950166112956742
745,2019-11-27,6170,6250,6050,6080,41924,-0.004909983633387904
746,2019-11-28,6150,6150,5900,5920,61194,-0.02631578947368418
747,2019-11-29,5850,5970,5660,5710,93279,-0.03547297297297303
748,2019-12-02,5750,5750,5620,5720,54159,0.0017513134851139256
749,2019-12-03,5670,5680,5540,5670,60084,-0.00874125874125875
750,2019-12-04,5550,5620,5490,5520,57298,-0.02645502645502651
751,2019-12-05,5420,5600,5100,5220,125163,-0.05434782608695654
752,2019-12-06,6360,6780,5800,6780,5596643,0.29885057471264376
753,2019-12-09,7250,7270,6090,6150,1744294,-0.09292035398230092
754,2019-12-10,6090,6130,5630,5680,663629,-0.07642276422764227
755,2019-12-11,5680,5830,5580,5730,355897,0.008802816901408494
756,2019-12-12,5710,5800,5570,5600,273267,-0.022687609075043635
757,2019-12-13,5600,5780,5590,5680,218881,0.014285714285714235
758,2019-12-16,5680,5780,5600,5680,159076,0.0
759,2019-12-17,5740,5740,5600,5610,125804,-0.01232394366197187
760,2019-12-18,5660,5660,5510,5550,116351,-0.010695187165775444
761,2019-12-19,5560,5980,5550,5650,762835,0.018018018018018056
762,2019-12-20,5650,5700,5460,5480,249149,-0.030088495575221197
763,2019-12-23,5480,5540,5390,5400,74775,-0.014598540145985384
764,2019-12-24,5420,5420,5190,5210,157584,-0.03518518518518521
765,2019-12-26,5170,5320,5150,5270,90240,0.011516314779270731
766,2019-12-27,5300,5510,5230,5450,112359,0.034155597722960174
767,2019-12-30,5500,5520,5370,5480,99591,0.005504587155963359
768,2020-01-02,5540,5650,5500,5550,84563,0.012773722627737127
769,2020-01-03,5560,5600,5420,5450,75732,-0.018018018018018056
770,2020-01-06,5480,5670,5450,5500,192646,0.00917431192660545
771,2020-01-07,5610,5650,5410,5520,148813,0.0036363636363636598
772,2020-01-08,5460,5520,5130,5210,214752,-0.0561594202898551
773,2020-01-09,5320,5400,5290,5290,95871,0.015355086372360827
774,2020-01-10,5390,5390,5290,5360,60105,0.013232514177693666
775,2020-01-13,5330,5440,5300,5390,38185,0.005597014925373234
776,2020-01-14,5410,5510,5380,5420,64088,0.005565862708719838
777,2020-01-15,5470,5490,5330,5360,56678,-0.011070110701106972
778,2020-01-16,5430,5460,5340,5340,38439,-0.003731343283582045
779,2020-01-17,5360,5450,5330,5350,63326,0.001872659176029856
780,2020-01-20,5320,5410,5320,5360,60961,0.0018691588785046953
781,2020-01-21,5380,5910,5380,5580,1114361,0.04104477611940305
782,2020-01-22,5800,6150,5530,5600,757126,0.0035842293906809264
783,2020-01-23,5670,6000,5490,5960,330190,0.06428571428571428
784,2020-01-28,6740,7740,6300,7740,5221506,0.29865771812080544
785,2020-01-29,7330,9800,6890,8430,19374774,0.08914728682170536
786,2020-01-30,8730,8740,7810,8290,7264165,-0.016607354685646447
787,2020-01-31,8520,8950,8000,8290,4816347,0.0
788,2020-02-03,8100,8490,6900,7150,4015537,-0.13751507840772015
789,2020-02-04,7020,7720,6450,7050,3639129,-0.013986013986013957
790,2020-02-05,7230,7640,6990,7020,2515370,-0.004255319148936176
791,2020-02-06,7120,7200,6650,6670,1441755,-0.049857549857549865
792,2020-02-07,6720,6940,6600,6670,1090127,0.0
793,2020-02-10,6730,6850,6400,6400,605098,-0.040479760119940034
794,2020-02-11,6430,6440,6070,6210,750789,-0.029687499999999978
795,2020-02-12,6160,7150,5980,6370,2577549,0.025764895330112614
796,2020-02-13,6310,7070,6160,6630,3678772,0.04081632653061229
797,2020-02-14,6510,6690,6320,6320,789095,-0.04675716440422317
798,2020-02-17,6400,6430,6090,6130,392435,-0.030063291139240556
799,2020-02-18,6130,6740,6100,6280,1624896,0.02446982055464919
800,2020-02-19,6250,6830,6230,6680,2089636,0.06369426751592355
801,2020-02-20,6920,7870,6710,6980,6345025,0.04491017964071853
802,2020-02-21,7530,7560,6800,7060,1713375,0.011461318051575908
803,2020-02-24,7410,7470,6500,6500,1732431,-0.07932011331444755
804,2020-02-25,6240,6570,6110,6540,733625,0.006153846153846176
805,2020-02-26,6400,7990,6310,6960,5730256,0.06422018348623859
806,2020-02-27,7600,7750,6800,7120,2390803,0.02298850574712641
807,2020-02-28,7040,7250,6840,7100,923202,-0.002808988764044895
808,2020-03-02,7360,7710,7170,7710,2296491,0.08591549295774659
809,2020-03-03,7670,7810,7310,7530,1135383,-0.023346303501945553
810,2020-03-04,7610,7700,7150,7300,822603,-0.030544488711819362
811,2020-03-05,7300,7750,7100,7750,1079347,0.06164383561643838
812,2020-03-06,10050,10050,9900,10050,7148435,0.2967741935483872
813,2020-03-09,11950,13050,11250,13050,10825527,0.29850746268656714
814,2020-03-10,13700,16550,12450,13250,23652919,0.015325670498084198
815,2020-03-11,14650,15000,13150,14500,6328455,0.09433962264150941
816,2020-03-12,14000,14350,13250,13600,2695020,-0.06206896551724139
817,2020-03-13,12200,12250,10150,10750,3783938,-0.2095588235294118
818,2020-03-16,10150,13950,9250,13950,8621417,0.29767441860465116
819,2020-03-17,15000,17200,14500,15800,12861416,0.13261648745519716
820,2020-03-18,0,0,0,15800,0,0.0
821,2020-03-19,17050,18000,14350,16650,10147403,0.053797468354430444
822,2020-03-20,17000,20200,15650,17350,9456846,0.04204204204204198
823,2020-03-23,18300,18400,15750,17450,2906916,0.0057636887608070175
824,2020-03-24,16850,17500,16250,16350,2514701,-0.0630372492836676
825,2020-03-25,18800,21250,17150,21250,13543331,0.29969418960244654
826,2020-03-26,23150,27600,23100,27600,11455452,0.2988235294117647
827,2020-03-27,31350,34800,23500,29350,12883857,0.06340579710144922
828,2020-03-30,0,0,0,29350,0,0.0
829,2020-03-31,34200,36550,27850,32250,13735868,0.0988074957410563
830,2020-04-01,33650,33950,28150,29450,5704882,-0.08682170542635659
831,2020-04-02,29450,30250,22350,24450,4816697,-0.16977928692699495
832,2020-04-03,24950,26900,22650,25250,5017510,0.0327198364008181
833,2020-04-06,30650,31500,28050,29100,4456202,0.1524752475247524
834,2020-04-07,29800,30500,26850,27700,3255313,-0.04810996563573888
835,2020-04-08,26500,27950,23850,26300,4366797,-0.05054151624548742
836,2020-04-09,25350,26300,24700,24900,1599909,-0.05323193916349811
837,2020-04-10,25350,25400,22250,23800,1953509,-0.04417670682730923
838,2020-04-13,24000,24050,19600,20150,2985294,-0.15336134453781514
839,2020-04-14,21800,22150,18600,20250,3876095,0.00496277915632759
840,2020-04-16,19700,19800,17750,19000,3044587,-0.06172839506172845
841,2020-04-17,19000,19150,18000,18200,1545558,-0.04210526315789476
842,2020-04-20,19100,23650,18550,23650,11345384,0.2994505494505495
843,2020-04-21,23300,23950,20000,21200,4832711,-0.10359408033826634
844,2020-04-22,21950,25050,21750,22000,6496481,0.037735849056603765
845,2020-04-23,22500,22500,20850,21500,1301470,-0.022727272727272707
846,2020-04-24,21450,23200,21100,21900,1823918,0.018604651162790642
847,2020-04-27,22750,23650,22400,23050,1945327,0.05251141552511407
848,2020-04-28,23750,24050,22100,22650,1272055,-0.017353579175705014
849,2020-04-29,23000,23150,21600,22900,1089809,0.011037527593819041
850,2020-05-04,22850,22900,21800,21900,628708,-0.04366812227074235
851,2020-05-06,22150,22150,19950,20900,1098229,-0.045662100456621
852,2020-05-07,20500,21500,20050,20900,739938,0.0
853,2020-05-08,21350,22750,20900,21900,1662953,0.04784688995215314
854,2020-05-11,23050,23300,21750,22000,982066,0.004566210045662045
855,2020-05-12,22400,28000,22200,27350,13140525,0.24318181818181817
856,2020-05-13,27600,27850,25500,26600,3670765,-0.027422303473491727
857,2020-05-14,27200,33100,27000,31300,14446225,0.17669172932330834
858,2020-05-15,32000,34400,30800,32950,7445752,0.05271565495207664
859,2020-05-18,31650,34600,31100,33000,3602517,0.0015174506828528056
860,2020-05-19,31100,31550,28500,28950,3094667,-0.12272727272727268
861,2020-05-20,30150,34000,29100,30450,5425833,0.051813471502590636
862,2020-05-21,31100,32500,29650,30200,1860170,-0.008210180623973717
863,2020-05-22,31500,31550,29350,30800,1543203,0.019867549668874274
864,2020-05-25,30950,33550,30300,33050,2942222,0.07305194805194803
865,2020-05-26,33100,33700,31700,32900,1524959,-0.004538577912254205
866,2020-05-27,32500,33700,31900,32150,1610930,-0.022796352583586588
867,2020-05-28,32150,32700,30800,32200,2021158,0.0015552099533437946
868,2020-05-29,32650,32900,31350,31450,1027496,-0.02329192546583847
869,2020-06-01,31450,31700,29800,30150,1385059,-0.04133545310015896
870,2020-06-02,28500,29250,27350,28250,1838794,-0.06301824212271978
871,2020-06-03,28450,28500,26300,26300,1555676,-0.06902654867256641
872,2020-06-04,25700,26800,24700,26550,1492326,0.009505703422053147
873,2020-06-05,26550,26700,25550,26550,654182,0.0
874,2020-06-08,26600,27800,26150,26900,1125221,0.013182674199623268
875,2020-06-09,26950,27200,25700,25850,763021,-0.03903345724907059
876,2020-06-10,25900,26350,25400,25650,560819,-0.007736943907156624
877,2020-06-11,25900,26650,25100,25350,841116,-0.011695906432748537
878,2020-06-12,27000,29000,26050,26300,3493222,0.03747534516765283
879,2020-06-15,27500,27800,24800,26000,1349100,-0.011406844106463865
880,2020-06-16,26700,26850,25750,26700,728177,0.026923076923076827
881,2020-06-17,26100,26300,24250,24650,1029434,-0.07677902621722843
882,2020-06-18,24650,25100,21450,22750,1739636,-0.07707910750507097
883,2020-06-19,22750,23600,21450,22900,1333723,0.00659340659340657
884,2020-06-22,23800,27850,23800,26000,4042548,0.1353711790393013
885,2020-06-23,27100,27400,24850,26100,1306802,0.0038461538461538325
886,2020-06-24,25650,27350,25050,26500,1757700,0.015325670498084198
887,2020-06-25,27400,28300,26000,26400,1613266,-0.0037735849056603765
888,2020-06-26,26650,26650,25300,26000,564198,-0.015151515151515138
889,2020-06-29,26300,26950,25400,26100,533599,0.0038461538461538325
890,2020-06-30,25800,25950,24850,24950,428172,-0.044061302681992376
891,2020-07-01,24800,25350,24150,24150,338343,-0.03206412825651306
892,2020-07-02,23700,24600,23550,24500,283196,0.01449275362318847
893,2020-07-03,24150,27650,24150,25650,3335343,0.04693877551020398
894,2020-07-06,26100,26750,25600,25900,599841,0.00974658869395717
895,2020-07-07,25650,26650,25150,26200,769251,0.01158301158301156
896,2020-07-08,26300,27200,25900,26850,1206974,0.024809160305343525
897,2020-07-09,27150,27150,26500,26850,546756,0.0
898,2020-07-10,26900,30950,26650,29300,7932563,0.09124767225325892
899,2020-07-13,30050,30900,29200,29950,2412302,0.022184300341296925
900,2020-07-14,29500,30100,28300,29000,1199629,-0.03171953255425708
901,2020-07-15,27850,27900,26250,26250,1265963,-0.09482758620689657
902,2020-07-16,26000,27200,24700,25850,982677,-0.015238095238095273
903,2020-07-17,25800,26450,25600,26000,471657,0.005802707930367523
904,2020-07-20,26350,27700,25850,26650,682319,0.02499999999999991
905,2020-07-21,26000,26850,25650,26450,678638,-0.007504690431519689
906,2020-07-22,26550,27450,24850,26300,1397792,-0.005671077504725952
907,2020-07-23,26750,31700,26400,29550,8473174,0.12357414448669202
908,2020-07-24,30550,31700,29000,29700,3521351,0.0050761421319796
909,2020-07-27,31850,31850,29700,30100,1904515,0.013468013468013407
910,2020-07-28,28200,32100,26000,30250,3759037,0.004983388704318914
911,2020-07-29,30600,31850,30050,31450,2063164,0.03966942148760322
912,2020-07-30,33000,40850,33000,40850,4554924,0.29888712241653415
913,2020-07-31,46150,53100,45400,52000,13384172,0.27294981640146876
914,2020-08-03,57000,62200,54100,55300,7811643,0.06346153846153846
915,2020-08-04,57400,58000,49300,54900,5567566,-0.007233273056057921
916,2020-08-05,52600,57400,52200,54500,2106083,-0.007285974499089298
917,2020-08-06,54600,57400,53400,55500,2608882,0.0183486238532109
918,2020-08-07,56700,56700,52500,53500,1304810,-0.036036036036036
919,2020-08-10,52700,53900,50400,51400,1131023,-0.03925233644859816
920,2020-08-11,42700,44300,38700,39300,8174639,-0.2354085603112841
921,2020-08-12,38200,38500,33100,33900,6624131,-0.13740458015267176
922,2020-08-13,33800,35600,32250,34200,4691086,0.008849557522123908
923,2020-08-14,33350,33650,30600,31400,2241300,-0.08187134502923976
924,2020-08-18,33000,39800,32100,38500,11344892,0.22611464968152872
925,2020-08-19,42550,44600,38100,38450,10261227,-0.0012987012987012436
926,2020-08-20,40350,41600,35450,39650,5865879,0.031209362808842567
927,2020-08-21,38550,39050,36550,36750,2046204,-0.073139974779319
928,2020-08-24,35050,37700,34200,35500,1570665,-0.03401360544217691
929,2020-08-25,35850,42300,34000,38800,6534953,0.09295774647887334
930,2020-08-26,40300,40600,38000,38250,1530726,-0.014175257731958713
931,2020-08-27,39000,39700,37550,38400,1400740,0.0039215686274509665
932,2020-08-28,38600,38750,37050,37900,761371,-0.01302083333333337
933,2020-08-31,37900,38700,37250,37700,677124,-0.00527704485488123
934,2020-09-01,37700,38100,37000,37650,560236,-0.0013262599469495706
935,2020-09-02,38000,38700,37200,38700,842096,0.027888446215139417
936,2020-09-03,40050,40050,38700,39350,973730,0.01679586563307489
937,2020-09-04,37850,43500,37700,41900,3105315,0.06480304955527316
938,2020-09-07,54400,54400,54400,54400,802691,0.298329355608592
939,2020-09-08,63800,65800,46800,46900,11001869,-0.13786764705882348
940,2020-09-09,45200,46550,41450,42100,3253534,-0.10234541577825162
941,2020-09-10,43000,46200,42550,44050,2616709,0.04631828978622332
942,2020-09-11,45200,52000,44300,49800,6247781,0.13053348467650405
943,2020-09-14,51200,51700,47600,50600,2156785,0.016064257028112428
944,2020-09-15,49100,53800,49000,49900,1611632,-0.013833992094861691
945,2020-09-16,51200,53500,50200,52400,1895064,0.05010020040080154
946,2020-09-17,52700,54400,51100,54200,1380288,0.03435114503816794
947,2020-09-18,53200,54000,52000,52500,1303258,-0.03136531365313655
948,2020-09-21,51000,51700,45950,47000,1815817,-0.10476190476190472
949,2020-09-22,45500,50000,42900,47400,2440131,0.008510638297872353
950,2020-09-23,48500,49550,45600,47250,1351452,-0.0031645569620253333
951,2020-09-24,45600,46400,42650,42650,895704,-0.0973544973544973
952,2020-09-25,44500,44500,40550,40950,924990,-0.0398593200468933
953,2020-09-28,40950,42300,39950,40800,561871,-0.00366300366300365
954,2020-09-29,41650,42300,40900,41550,529954,0.018382352941176405
955,2020-10-05,41600,41800,40500,41400,350223,-0.0036101083032491488
956,2020-10-06,41600,45750,41450,42000,937795,0.01449275362318847
957,2020-10-07,42150,42550,41400,42000,301764,0.0
958,2020-10-08,42400,42400,41250,41500,326575,-0.011904761904761862
959,2020-10-12,41550,41600,38450,38650,960902,-0.06867469879518073
960,2020-10-13,38650,38700,36250,36350,1026033,-0.05950840879689523
961,2020-10-14,36000,37750,36000,37550,665697,0.03301237964236581
962,2020-10-15,37200,37350,34450,35100,669221,-0.06524633821571235
963,2020-10-16,34500,34900,29800,31250,1799248,-0.1096866096866097
964,2020-10-19,30900,30900,28850,29050,978927,-0.07040000000000002
965,2020-10-20,28450,30950,28450,30300,895997,0.04302925989672968
966,2020-10-21,30500,35000,30000,32050,2375931,0.05775577557755773
967,2020-10-22,32050,32050,30300,30550,498652,-0.046801872074882955
968,2020-10-23,30550,34900,30150,32650,2762394,0.06873977086743044
969,2020-10-26,32800,33100,30400,30500,602410,-0.06584992343032159
970,2020-10-27,29850,31350,29100,30500,399160,0.0
971,2020-10-28,30600,31550,30600,30900,289868,0.013114754098360715
972,2020-10-29,31550,33950,31450,33050,1822526,0.06957928802588986
973,2020-10-30,35250,35300,33400,33700,875878,0.01966717095310133
974,2020-11-02,34400,34450,33100,33950,354672,0.007418397626112849
975,2020-11-03,35350,35600,34000,34000,659086,0.0014727540500736325
976,2020-11-04,34500,34850,32350,32700,540236,-0.038235294117647034
977,2020-11-05,33200,33800,32700,33550,352888,0.025993883792049033
978,2020-11-06,33700,33700,32200,32650,392060,-0.026825633383010472
979,2020-11-09,32950,33450,32500,33400,400777,0.02297090352220521
980,2020-11-10,30100,31450,30050,30700,920722,-0.08083832335329344
981,2020-11-11,30150,30400,27250,27800,1125319,-0.09446254071661242
982,2020-11-12,28500,29150,27400,28050,519741,0.008992805755395628
983,2020-11-13,28000,29750,26550,29450,1043962,0.04991087344028511
984,2020-11-16,27200,28050,26150,27450,1518590,-0.06791171477079794
985,2020-11-17,26300,26350,24400,24400,1168830,-0.11111111111111116
986,2020-11-18,24850,25400,23550,25250,802825,0.0348360655737705
987,2020-11-19,25650,27900,25600,26300,1159666,0.04158415841584162
988,2020-11-20,26400,27850,26300,26400,745291,0.0038022813688212143
989,2020-11-23,26400,26400,24700,25350,491937,-0.03977272727272729
990,2020-11-24,25300,27800,24200,25850,1373694,0.019723865877712132
991,2020-11-25,25950,27050,25050,25400,765292,-0.01740812379110257
992,2020-11-26,26200,26550,25600,26100,454379,0.027559055118110187
993,2020-11-27,26200,27100,26150,26500,533674,0.015325670498084198
994,2020-11-30,26200,26800,25800,25900,284038,-0.02264150943396226
995,2020-12-01,25850,26300,25250,26000,253368,0.0038610038610038533
996,2020-12-02,26000,26100,24650,24900,458769,-0.04230769230769227
997,2020-12-03,24600,24650,23400,23900,564340,-0.04016064257028118
998,2020-12-04,23900,23900,22750,23050,742130,-0.03556485355648531
999,2020-12-07,23550,27850,23250,25900,3145912,0.12364425162689807
1000,2020-12-08,27000,27100,24150,24250,1152756,-0.06370656370656369
1001,2020-12-09,24250,24400,23050,23250,533420,-0.04123711340206182
1002,2020-12-10,23300,24100,23300,23600,358473,0.01505376344086029
1003,2020-12-11,23900,25150,23650,24850,661664,0.052966101694915224
1004,2020-12-14,26050,26550,24800,25300,721889,0.01810865191146882
1005,2020-12-15,25450,25600,23850,24350,573083,-0.03754940711462451
1006,2020-12-16,24600,24750,23950,24100,250346,-0.010266940451745366
1007,2020-12-17,24200,24200,23600,23650,307539,-0.018672199170124526
1008,2020-12-18,23650,23800,22850,23750,538420,0.0042283298097252064
1009,2020-12-21,25000,26450,24200,24200,954527,0.0189473684210526
1010,2020-12-22,24600,24700,23100,23200,340958,-0.04132231404958675
1011,2020-12-23,23050,23300,21800,21850,608482,-0.05818965517241381
1012,2020-12-24,19400,20200,18650,20150,923607,-0.0778032036613272
1013,2020-12-28,19950,19950,18150,18300,695721,-0.09181141439205953
1014,2020-12-29,18450,19900,18450,19700,417193,0.07650273224043724
1015,2020-12-30,19850,20500,19200,20300,361607,0.030456852791878264
1016,2021-01-04,20350,20550,19200,19750,284545,-0.027093596059113323
1017,2021-01-05,19950,20250,19600,19950,232305,0.010126582278481067
1018,2021-01-06,19950,20200,19500,19950,248349,0.0
1019,2021-01-07,20050,20200,19300,19450,324446,-0.02506265664160401
1020,2021-01-08,19500,19500,18250,18500,503593,-0.04884318766066842
1021,2021-01-11,18450,18500,16900,17300,529959,-0.06486486486486487
1022,2021-01-12,17150,18100,17100,17700,242376,0.023121387283236983
1023,2021-01-13,17800,17850,17100,17700,172568,0.0
1024,2021-01-14,17500,18100,17450,17900,162348,0.011299435028248483
1025,2021-01-15,17950,18750,17200,17400,556643,-0.027932960893854775
1026,2021-01-18,17550,17550,16900,16900,180475,-0.028735632183908066
1027,2021-01-19,16900,17100,15800,16850,368973,-0.00295857988165682
1028,2021-01-20,16850,18100,16700,17450,322647,0.035608308605341144
1029,2021-01-21,17750,17850,16500,17550,165624,0.005730659025787954
1030,2021-01-22,17200,18000,17150,17850,214166,0.017094017094017033
1031,2021-01-25,18050,18150,17500,17550,188918,-0.01680672268907568
1032,2021-01-26,17700,17850,17150,17200,153320,-0.019943019943019946
1033,2021-01-27,17050,17300,16900,16950,125247,-0.014534883720930258
1034,2021-01-28,17150,17200,16300,16850,180873,-0.005899705014749235
1035,2021-01-29,16850,20050,16850,17400,1739638,0.03264094955489605
1036,2021-02-01,17150,17600,16550,17100,285753,-0.017241379310344862
1037,2021-02-02,17050,17100,16650,16850,197320,-0.014619883040935644
1038,2021-02-03,16800,17200,16650,16650,186501,-0.011869436201780381
1039,2021-02-04,17000,17100,16200,16400,176938,-0.01501501501501501
1040,2021-02-05,16400,16750,16300,16300,113745,-0.0060975609756097615
1041,2021-02-08,16450,16650,16300,16450,133759,0.009202453987730008
1042,2021-02-09,16450,16700,16050,16100,172263,-0.021276595744680882
1043,2021-02-10,16350,16850,16000,16350,270298,0.01552795031055898
1044,2021-02-15,16400,17100,16200,17000,263981,0.039755351681957096
1045,2021-02-16,17050,17150,16300,16400,181586,-0.03529411764705881
1046,2021-02-17,16500,16600,16050,16100,133360,-0.018292682926829285
1047,2021-02-18,16250,16400,15900,15900,148677,-0.012422360248447228
1048,2021-02-19,16200,16200,15100,15300,221825,-0.037735849056603765
1049,2021-02-22,15250,15300,14250,14350,306776,-0.06209150326797386
1050,2021-02-23,14350,14350,13750,13850,190504,-0.03484320557491294
1051,2021-02-24,13700,14500,13650,13850,181400,0.0
1052,2021-02-25,13900,14200,13600,14050,120359,0.014440433212996373
1053,2021-02-26,13500,13850,13250,13600,130925,-0.03202846975088969
1054,2021-03-02,14000,14800,13800,14300,222922,0.05147058823529416
1055,2021-03-03,14300,15000,14100,14400,141905,0.006993006993007089
1056,2021-03-04,14400,14850,14100,14250,157746,-0.01041666666666663
1057,2021-03-05,14350,14400,13750,14300,89801,0.0035087719298245723
1058,2021-03-08,14300,14850,14200,14250,200800,-0.0034965034965035446
1059,2021-03-09,14600,14850,14050,14350,117489,0.007017543859649145
1060,2021-03-10,14650,14650,13500,13550,163119,-0.05574912891986061
1061,2021-03-11,13550,13700,13300,13550,71787,0.0
1062,2021-03-12,13500,14300,13500,14300,158764,0.05535055350553497
1063,2021-03-15,14300,14600,14250,14350,92819,0.0034965034965035446
1064,2021-03-16,14350,15500,14250,15450,390260,0.0766550522648084
1065,2021-03-17,15500,16000,15000,15750,211707,0.01941747572815533
1066,2021-03-18,15800,16100,15600,15850,125553,0.006349206349206327
1067,2021-03-19,15850,16100,15400,16100,108804,0.01577287066246047
1068,2021-03-22,16200,16250,15900,16100,84522,0.0
1069,2021-03-23,15900,16600,15900,16000,149157,-0.006211180124223614
1070,2021-03-24,16050,16200,15650,15900,75125,-0.006249999999999978
1071,2021-03-25,15700,16000,15200,15350,100826,-0.03459119496855345
1072,2021-03-26,15450,15500,15000,15100,92262,-0.016286644951140072
1073,2021-03-29,15050,15250,14750,14800,79375,-0.019867549668874163
1074,2021-03-30,14800,15250,14650,14950,53823,0.010135135135135087
1075,2021-03-31,14900,15200,14550,14650,92809,-0.02006688963210701
1076,2021-04-01,14650,17000,14350,16200,505164,0.10580204778156999
1077,2021-04-02,16550,17000,16000,16650,360072,0.02777777777777768
1078,2021-04-05,17100,17250,16700,16700,230443,0.0030030030030030463
1079,2021-04-06,16900,17200,16250,17200,244959,0.029940119760478945
1080,2021-04-07,17200,19100,17000,18450,1077882,0.07267441860465107
1081,2021-04-08,18750,19050,17900,18700,558392,0.013550135501354976
1082,2021-04-09,18700,19800,18350,19150,488162,0.02406417112299475
1083,2021-04-12,19650,21950,19400,21100,1452190,0.10182767624020883
1084,2021-04-13,21600,22200,20350,20450,1127930,-0.03080568720379151
1085,2021-04-14,20350,20400,18850,20050,683858,-0.019559902200488977
1086,2021-04-15,20000,20900,19100,20900,565984,0.04239401496259343
1087,2021-04-16,20850,22150,20300,21900,1028346,0.04784688995215314
1088,2021-04-19,22800,23650,22500,22600,1283901,0.03196347031963476
1089,2021-04-20,22800,22850,21750,22100,332061,-0.02212389380530977
1090,2021-04-21,22100,22650,21650,22300,339854,0.009049773755656076
1091,2021-04-22,22300,22350,21250,21500,268974,-0.0358744394618834
1092,2021-04-23,21500,23600,21500,22200,1199034,0.032558139534883734
1093,2021-04-26,22200,28850,21900,28850,3782558,0.2995495495495495
1094,2021-04-27,31400,36400,30000,33350,16817810,0.15597920277296362
1095,2021-04-28,33700,34000,30600,33000,3123261,-0.010494752623688153
1096,2021-04-29,34050,35000,32000,33500,2616077,0.015151515151515138
1097,2021-04-30,32700,34550,31650,32750,1356490,-0.02238805970149249
1098,2021-05-03,31500,32500,28000,28500,1100346,-0.1297709923664122
1099,2021-05-04,27650,28050,25700,27350,1055647,-0.04035087719298247
1100,2021-05-06,27700,29350,26800,28650,635774,0.04753199268738584
1101,2021-05-07,28650,30000,27600,28750,708554,0.003490401396160525
1102,2021-05-10,27600,30400,27150,30100,757829,0.04695652173913034
1103,2021-05-11,30850,33000,28250,29750,1688587,-0.011627906976744207
1104,2021-05-12,29750,29750,27050,27500,554232,-0.07563025210084029
1105,2021-05-13,26700,28650,25600,25650,506576,-0.06727272727272726
1106,2021-05-14,26000,26300,25000,25000,359366,-0.025341130604288553
1107,2021-05-17,24700,25450,23500,24500,366702,-0.020000000000000018
1108,2021-05-18,24450,24500,23300,24450,398447,-0.0020408163265306367
1109,2021-05-20,24500,25250,23050,23050,448604,-0.05725971370143146
1110,2021-05-21,23100,23500,22400,23100,467134,0.002169197396963085
1111,2021-05-24,23300,23300,20400,20600,544326,-0.10822510822510822
1112,2021-05-25,20800,24200,20750,22250,1669887,0.08009708737864085
1113,2021-05-26,22700,22750,20950,21200,423881,-0.04719101123595504
1114,2021-05-27,21000,21700,20400,21100,331545,-0.004716981132075526
1115,2021-05-28,21150,21700,20900,21150,172960,0.0023696682464455776
1116,2021-05-31,21150,21550,20800,20900,179741,-0.011820330969267157
1117,2021-06-01,20900,21300,20100,20850,282674,-0.0023923444976076125
1118,2021-06-02,20850,21000,19850,20000,309635,-0.04076738609112707
1119,2021-06-03,19950,20200,19500,19800,226895,-0.010000000000000009
1120,2021-06-04,19850,19900,19000,19100,300718,-0.03535353535353536
1121,2021-06-07,18900,19000,18100,18450,450273,-0.03403141361256545
1122,2021-06-08,18750,19500,17500,18600,1046573,0.008130081300812941
1123,2021-06-09,18200,18300,17500,17550,328900,-0.056451612903225756
1124,2021-06-10,17900,19650,17700,18950,1003825,0.07977207977207978
1125,2021-06-11,19300,20350,18150,18700,1050072,-0.01319261213720313
1126,2021-06-14,18400,19750,18200,19200,396647,0.02673796791443861
1127,2021-06-15,19200,19500,18950,19000,197339,-0.01041666666666663
1128,2021-06-16,19150,19200,18600,18950,134527,-0.0026315789473684292
1129,2021-06-17,19000,19100,18500,18500,195690,-0.0237467018469657
1130,2021-06-18,18650,21650,18500,20450,1646163,0.10540540540540544
1131,2021-06-21,21100,22000,20650,21200,1238471,0.03667481662591676
1132,2021-06-22,21000,21150,20000,20150,379043,-0.04952830188679247
1133,2021-06-23,20500,24750,20500,22900,4197152,0.1364764267990075
1134,2021-06-24,24050,24700,22150,23650,2388509,0.03275109170305668
1135,2021-06-25,23650,23800,22650,23200,857479,-0.019027484143763207
1136,2021-06-28,23700,24250,23000,23950,716115,0.032327586206896575
1137,2021-06-29,24050,24400,22950,23050,822481,-0.0375782881002088
1138,2021-06-30,23600,23900,22950,23200,505702,0.006507592190889477
1139,2021-07-01,23550,23800,23050,23150,344586,-0.0021551724137931494
1140,2021-07-02,23200,23400,22500,22550,333913,-0.02591792656587477
1141,2021-07-05,22750,22850,21950,22450,373095,-0.0044345898004434225
1142,2021-07-06,22050,22300,21600,21700,279649,-0.03340757238307346
1143,2021-07-07,22700,23500,22400,23500,977512,0.08294930875576045
1144,2021-07-08,24400,27650,23100,25850,8467154,0.10000000000000009
1145,2021-07-09,25400,28750,25300,26200,5064669,0.013539651837524147
1146,2021-07-12,27000,30750,25900,28000,6917503,0.06870229007633588
1147,2021-07-13,28450,28650,25800,26250,1538885,-0.0625
1148,2021-07-14,27150,27750,26400,26550,1033513,0.011428571428571344
1149,2021-07-15,26250,26500,25150,25250,677183,-0.048964218455743835
1150,2021-07-16,24700,24800,23200,23450,724020,-0.07128712871287124
1151,2021-07-19,23300,24350,23250,23500,405763,0.002132196162046851
1152,2021-07-20,24200,24700,23450,24050,595544,0.023404255319148914
1153,2021-07-21,24550,24650,23200,23300,362363,-0.03118503118503113
1154,2021-07-22,23300,23400,21650,21950,561546,-0.05793991416309008
1155,2021-07-23,22450,22600,21850,21950,293605,0.0
1156,2021-07-26,21950,21950,20900,21050,307159,-0.04100227790432798
1157,2021-07-27,20900,21500,20250,21350,318763,0.014251781472684133
1158,2021-07-28,21450,22350,21100,21650,442363,0.014051522248243575
1159,2021-07-29,21850,23200,21850,22150,599907,0.023094688221708903
1160,2021-07-30,21950,22400,21200,21300,223818,-0.038374717832957095
1161,2021-08-02,21300,22100,21100,21500,148694,0.009389671361502261
1162,2021-08-03,21650,22300,20800,21650,296089,0.006976744186046435
1163,2021-08-04,21900,22050,21400,21550,212841,-0.004618937644341847
1164,2021-08-05,21700,22100,21500,21800,158652,0.011600928074245953
1165,2021-08-06,21800,21850,21200,21200,185259,-0.02752293577981646
1166,2021-08-09,21250,21300,20700,20700,167553,-0.02358490566037741
1167,2021-08-10,20750,21050,20300,20650,241269,-0.0024154589371980784
1168,2021-08-11,21100,21600,20600,20700,263025,0.002421307506053294
1169,2021-08-12,20700,21050,20300,20550,204574,-0.007246376811594235
1170,2021-08-13,20550,20550,19600,19900,202055,-0.031630170316301665
1171,2021-08-17,18900,19650,18000,18550,389943,-0.06783919597989951
1172,2021-08-18,18050,18950,17650,18700,368629,0.008086253369272267
1173,2021-08-19,19100,19700,18100,18200,375931,-0.0267379679144385
1174,2021-08-20,18300,18500,16650,16800,289170,-0.07692307692307687
1175,2021-08-23,17100,18100,16800,17400,187190,0.03571428571428581
1176,2021-08-24,17300,19100,17250,18450,441739,0.06034482758620685
1177,2021-08-25,18450,18450,17800,17800,131673,-0.035230352303523005
1178,2021-08-26,18000,18400,17600,17650,146165,-0.008426966292134797
1179,2021-08-27,17700,17850,17400,17750,99089,0.0056657223796034994
1180,2021-08-30,18000,18000,17050,17300,135791,-0.025352112676056304
1181,2021-08-31,17100,17650,17100,17400,83523,0.005780346820809301
1182,2021-09-01,17500,17800,17300,17800,115535,0.02298850574712641
1183,2021-09-02,17750,18350,17500,18350,145526,0.030898876404494402
1184,2021-09-03,18350,18350,17800,17950,135779,-0.021798365122615793
1185,2021-09-06,18100,18100,17400,17600,112815,-0.01949860724233987
1186,2021-09-07,17550,17800,17350,17400,66304,-0.011363636363636354
1187,2021-09-08,17350,17350,16700,16750,171637,-0.03735632183908044
1188,2021-09-09,16550,17100,16500,16500,104519,-0.014925373134328401
1189,2021-09-10,16500,16900,16350,16450,90428,-0.00303030303030305
1190,2021-09-13,16200,16800,16200,16400,87606,-0.003039513677811523
1191,2021-09-14,16500,16850,16250,16500,116025,0.0060975609756097615
1192,2021-09-15,16500,17150,16300,16900,107683,0.024242424242424176
1193,2021-09-16,16950,17000,16350,16400,74290,-0.029585798816568087
1194,2021-09-17,16450,16700,16150,16650,73928,0.015243902439024293
1195,2021-09-23,16950,17800,16700,17300,322919,0.039039039039038936
1196,2021-09-24,17450,17700,16750,16900,125944,-0.023121387283236983
1197,2021-09-27,16900,16900,16300,16350,92753,-0.03254437869822491
1198,2021-09-28,16250,16450,15500,15500,142478,-0.051987767584097844
1199,2021-09-29,14900,15450,14800,15150,101262,-0.022580645161290325
1200,2021-09-30,14900,15500,14900,14900,112142,-0.01650165016501648
1201,2021-10-01,14500,14900,14350,14350,156102,-0.03691275167785235
1202,2021-10-05,13950,14150,13250,13250,199597,-0.0766550522648084
1203,2021-10-06,13050,13850,12600,12700,206177,-0.04150943396226414
1204,2021-10-07,12550,13750,12550,13400,193486,0.055118110236220375
1205,2021-10-08,13550,14000,13500,13900,74423,0.03731343283582089
1206,2021-10-12,13500,13950,13200,13350,87196,-0.03956834532374098
1207,2021-10-13,13100,13700,13100,13450,47146,0.0074906367041198685
1208,2021-10-14,13500,14000,13450,13900,52315,0.03345724907063197
1209,2021-10-15,14050,14150,13500,14100,83354,0.014388489208633004
1210,2021-10-18,14150,14250,13700,13800,80173,-0.021276595744680882
1211,2021-10-19,13750,14100,13700,13900,51394,0.007246376811594235
1212,2021-10-20,13950,14250,13800,13850,50857,-0.003597122302158251
1213,2021-10-21,13750,13950,13500,13550,55839,-0.02166064981949456
1214,2021-10-22,13500,15400,13300,14350,396906,0.05904059040590415
1215,2021-10-25,14450,14600,14000,14100,94318,-0.017421602787456414
1216,2021-10-26,14050,14650,14050,14450,147305,0.024822695035461084
1217,2021-10-27,14500,14850,14200,14400,113879,-0.0034602076124568004
1218,2021-10-28,14500,14700,14200,14200,82442,-0.01388888888888884
1219,2021-10-29,14250,14300,13600,13700,97089,-0.035211267605633756
1220,2021-11-01,13550,14450,13550,14150,113174,0.03284671532846706
1221,2021-11-02,14150,14850,14150,14700,104416,0.03886925795053009
1222,2021-11-03,15000,15100,14550,14800,95856,0.006802721088435382
1223,2021-11-04,15000,15000,14100,14450,112660,-0.023648648648648685
1224,2021-11-05,14450,14650,13900,13950,61617,-0.03460207612456745
1225,2021-11-08,13500,13900,13200,13450,103439,-0.03584229390681004
1226,2021-11-09,13550,13700,12950,13000,79230,-0.03345724907063197
1227,2021-11-10,12800,13200,12600,12650,93408,-0.02692307692307694
1228,2021-11-11,12400,13000,12400,12500,100596,-0.011857707509881465
1229,2021-11-12,12550,13300,12550,13300,94974,0.06400000000000006
1230,2021-11-15,13550,14400,13400,14100,225190,0.06015037593984962
1231,2021-11-16,14200,14400,13550,13950,139749,-0.010638297872340385
1232,2021-11-17,14150,14300,13700,13900,87392,-0.0035842293906810374
1233,2021-11-18,13900,14050,13350,13400,97975,-0.03597122302158273
1234,2021-11-19,13500,13650,13150,13400,54025,0.0
1235,2021-11-22,13800,14000,13450,13500,60237,0.00746268656716409
1236,2021-11-23,13500,13800,13100,13250,50343,-0.01851851851851849
1237,2021-11-24,13600,14650,13450,14500,434428,0.09433962264150941
1238,2021-11-25,14550,14650,14150,14350,132702,-0.010344827586206917
1239,2021-11-26,14600,16700,14500,16550,1712948,0.1533101045296168
1240,2021-11-29,18950,19400,17050,17850,2850794,0.0785498489425982
1241,2021-11-30,16700,18350,16450,18100,1131878,0.014005602240896309
1242,2021-12-01,17950,18350,16450,16600,723414,-0.08287292817679559
1243,2021-12-02,17450,17750,15750,16050,697697,-0.033132530120481896
1244,2021-12-03,15750,16000,15250,15850,399822,-0.012461059190031154
1245,2021-12-06,15700,16350,15100,15150,484803,-0.04416403785488954
1246,2021-12-07,14800,14900,14500,14600,310980,-0.0363036303630363
1247,2021-12-08,14700,15800,14550,15650,525680,0.07191780821917804
1248,2021-12-09,15500,15550,15000,15400,207686,-0.015974440894568676
1249,2021-12-10,15800,15850,15300,15400,215950,0.0
1250,2021-12-13,15550,16200,15350,16000,308624,0.03896103896103886
1251,2021-12-14,16350,17400,15650,15700,532482,-0.018750000000000044
1252,2021-12-15,15800,15950,15450,15650,127659,-0.0031847133757961776
1253,2021-12-16,15850,15900,15450,15450,118262,-0.012779552715655007
1254,2021-12-17,15600,15650,14700,14700,206879,-0.04854368932038833
1255,2021-12-20,14900,15150,14800,14850,104639,0.010204081632652962
1256,2021-12-21,15150,15400,14550,14550,150101,-0.02020202020202022
1257,2021-12-22,14700,14800,14150,14500,163475,-0.0034364261168384758
1258,2021-12-23,14600,14600,13950,13950,134807,-0.037931034482758585
1259,2021-12-24,14050,14250,13750,13750,125744,-0.014336917562724039
1260,2021-12-27,13750,14000,13650,13750,118574,0.0
1261,2021-12-28,13900,13900,13700,13750,79093,0.0
1262,2021-12-29,13700,14050,13650,13900,80739,0.01090909090909098
1263,2021-12-30,13800,14050,13750,14000,88894,0.007194244604316502
1264,2022-01-03,14200,14200,13700,13900,80491,-0.0071428571428571175
1265,2022-01-04,13800,14050,13800,13850,78425,-0.003597122302158251
1266,2022-01-05,13900,13900,13550,13600,77760,-0.018050541516245522
1267,2022-01-06,13250,13900,13250,13350,123476,-0.018382352941176516
1268,2022-01-07,13550,13950,13500,13550,99032,0.014981273408239737
1269,2022-01-10,13750,14000,13400,13700,99063,0.011070110701107083
1270,2022-01-11,13650,13850,13500,13500,67027,-0.014598540145985384
1271,2022-01-12,13300,13650,13300,13350,67032,-0.011111111111111072
1272,2022-01-13,13550,13550,12950,13050,111205,-0.022471910112359605
1273,2022-01-14,13050,13200,12800,12850,83985,-0.01532567049808431
1274,2022-01-17,12850,12900,12450,12450,70353,-0.0311284046692607
1275,2022-01-18,12300,12750,11950,12000,74215,-0.03614457831325302
1276,2022-01-19,11900,12250,11800,11900,79623,-0.008333333333333304
1277,2022-01-20,11850,12650,11850,12650,92276,0.06302521008403361
1278,2022-01-21,12600,13000,12550,12850,81551,0.015810276679841806
1279,2022-01-24,13300,13750,13100,13650,337204,0.0622568093385214
1280,2022-01-25,14700,15500,13800,14200,703446,0.04029304029304037
1281,2022-01-26,15000,15150,14300,14700,498790,0.035211267605633756
1282,2022-01-27,15200,15400,14550,15200,548851,0.03401360544217691
1283,2022-01-28,15000,19750,15000,19200,7170734,0.26315789473684204
1284,2022-02-03,20850,23750,20450,22850,6977663,0.19010416666666674
1285,2022-02-04,23650,23750,17350,18500,3122687,-0.19037199124726478
1286,2022-02-07,22300,23500,20750,21150,5438488,0.14324324324324333
1287,2022-02-08,21100,23400,18950,22500,6604127,0.06382978723404253
1288,2022-02-09,22250,22950,21000,21300,2151537,-0.053333333333333344
1289,2022-02-10,20650,21550,19850,19900,1853421,-0.06572769953051638
1290,2022-02-11,22300,23050,20200,21100,4090748,0.06030150753768848
1291,2022-02-14,21100,21850,20050,20100,1058227,-0.04739336492891
1292,2022-02-15,19750,20050,18250,18350,928031,-0.08706467661691542
1293,2022-02-16,19100,21000,18600,20300,2897436,0.10626702997275195
1294,2022-02-17,21400,21550,19200,20050,2655434,-0.012315270935960632
1295,2022-02-18,19500,20600,19300,19900,882421,-0.007481296758104716
1296,2022-02-21,19300,19900,19000,19300,522399,-0.03015075376884424
1297,2022-02-22,18500,18750,17000,17350,1120702,-0.10103626943005184
1298,2022-02-23,17750,18200,16950,16950,714817,-0.023054755043227626
1299,2022-02-24,16550,17200,15750,16000,1066945,-0.05604719764011801
1300,2022-02-25,16550,16650,15650,15750,707978,-0.015625
1301,2022-02-28,15750,18900,15400,16550,4236243,0.050793650793650835
1302,2022-03-02,16700,16950,16350,16500,780478,-0.0030211480362537513
1303,2022-03-03,16650,16800,16250,16700,485671,0.0121212121212122
1304,2022-03-04,16550,16650,16050,16200,400002,-0.029940119760479056
1305,2022-03-07,16400,16900,15750,15800,1061068,-0.024691358024691357
1306,2022-03-08,15300,15700,15100,15150,368646,-0.04113924050632911
1307,2022-03-10,15300,15550,14900,14950,323947,-0.01320132013201325
1308,2022-03-11,15000,15200,14400,15050,438908,0.006688963210702337
1309,2022-03-14,14800,14950,13950,13950,326660,-0.07308970099667778
1310,2022-03-15,14100,15150,14100,14350,592354,0.028673835125448077
1311,2022-03-16,14700,15400,14400,15200,709016,0.059233449477351874
1312,2022-03-17,15300,15400,14900,15300,391623,0.006578947368421018
1313,2022-03-18,15400,15450,14850,15050,220785,-0.016339869281045805
1314,2022-03-21,15150,15150,14500,14600,191964,-0.029900332225913595
1315,2022-03-22,14600,15950,14500,15700,736012,0.07534246575342474
1316,2022-03-23,16100,16450,15250,15350,498228,-0.022292993630573243
1317,2022-03-24,15350,15650,15250,15350,237439,0.0
1318,2022-03-25,15450,15450,15150,15150,181214,-0.013029315960912058
1319,2022-03-28,15150,15200,14700,14700,140510,-0.02970297029702973
1320,2022-03-29,14750,15500,14750,15050,214615,0.023809523809523725
1321,2022-03-30,15250,15650,14900,15100,287461,0.0033222591362125353
1322,2022-03-31,14950,15150,14700,14800,161775,-0.019867549668874163
1323,2022-04-01,14600,14750,14350,14450,163854,-0.023648648648648685
1324,2022-04-04,14400,14550,14050,14350,108595,-0.00692041522491349
1325,2022-04-05,14350,14450,14250,14300,80042,-0.0034843205574912606
1326,2022-04-06,14250,14500,14200,14400,59483,0.006993006993007089
1327,2022-04-07,14250,14400,14000,14000,92970,-0.02777777777777779
1328,2022-04-08,14000,14250,13900,14100,57239,0.0071428571428571175
1329,2022-04-11,13850,14000,13050,13100,248487,-0.07092198581560283
1330,2022-04-12,12800,13150,12800,12950,96262,-0.011450381679389277
1331,2022-04-13,12850,13450,12850,13300,142604,0.027027027027026973
1332,2022-04-14,13300,13450,12850,12850,102521,-0.03383458646616544
1333,2022-04-15,12650,12750,12100,12200,211051,-0.05058365758754868
1334,2022-04-18,12150,12150,11900,12000,109458,-0.016393442622950838
1335,2022-04-19,12000,12450,12000,12300,120234,0.02499999999999991
1336,2022-04-20,12300,12500,12000,12300,100041,0.0
1337,2022-04-21,12400,12450,12150,12250,60486,-0.004065040650406471
1338,2022-04-22,11950,12200,11800,11850,146562,-0.03265306122448974
1339,2022-04-25,11500,11650,11000,11300,183444,-0.04641350210970463
1340,2022-04-26,11300,11600,11050,11050,157545,-0.02212389380530977
1341,2022-04-27,10850,11200,10750,10950,113602,-0.009049773755656076
1342,2022-04-28,11000,11100,10650,10850,95561,-0.0091324200913242
1343,2022-04-29,10900,11000,10700,10900,64357,0.004608294930875667
1344,2022-05-02,10700,10800,10600,10750,65817,-0.013761467889908285
1345,2022-05-03,10750,11200,10750,11050,89067,0.027906976744185963
1346,2022-05-04,11150,11150,10950,11100,73482,0.004524886877828038
1347,2022-05-06,10800,10850,10450,10650,106679,-0.04054054054054057
1348,2022-05-09,10500,10900,10300,10350,74019,-0.028169014084507005
1349,2022-05-10,10000,10400,9910,10350,74510,0.0
1350,2022-05-11,10350,11400,10300,11050,359795,0.06763285024154597
1351,2022-05-12,11250,13750,11200,12400,2691931,0.12217194570135748
1352,2022-05-13,12350,12800,11550,12250,674647,-0.012096774193548376
1353,2022-05-16,12350,12650,11750,11950,337730,-0.024489795918367308
